date,temp,humidity,wind_speed,pm2_5,co2
2025-07-23 00:00:00+07:00,19.1455,77,7.2,5.6,396.8
2025-07-23 01:00:00+07:00,19.845499,73,14.021525,5.2,413.2
2025-07-23 02:00:00+07:00,18.9455,75,15.077082,5,409.1
2025-07-23 03:00:00+07:00,17.9955,76,15.2947035,6.2,394.4
2025-07-23 04:00:00+07:00,17.2455,82,13.527572,5.6,402.5
2025-07-23 05:00:00+07:00,17.1455,80,10.799999,5.9,405.7
2025-07-23 06:00:00+07:00,16.845499,84,10.44,6.4,399.8
2025-07-23 07:00:00+07:00,16.9955,86,11.720751,6.7,402.1
2025-07-23 08:00:00+07:00,16.9455,87,11.720751,7.4,401.1
2025-07-23 09:00:00+07:00,16.7455,90,11.983188,5.8,405.9
2025-07-23 10:00:00+07:00,16.7955,91,11.966954,5.9,409.2
2025-07-23 11:00:00+07:00,16.7455,91,13.246826,6.2,415
2025-07-23 12:00:00+07:00,16.7955,89,16.08761,7.2,515.7
2025-07-23 13:00:00+07:00,16.8955,88,13.746156,7.4,545.5
2025-07-23 14:00:00+07:00,17.3955,85,15.876775,6,784.5
2025-07-23 15:00:00+07:00,17.4955,84,15.30741,5.3,756
2025-07-23 16:00:00+07:00,18.4455,77,17.0763,5.6,841.1
2025-07-23 17:00:00+07:00,18.6455,77,15.978484,6.2,803.4
2025-07-23 18:00:00+07:00,18.6955,78,15.827721,5.1,615.3
2025-07-23 19:00:00+07:00,18.845499,81,6.28713,5.3,636.5
2025-07-23 20:00:00+07:00,18.9455,83,5.3517847,5.7,627.3
2025-07-23 21:00:00+07:00,20.5455,71,13.450708,6.2,418.9
2025-07-23 22:00:00+07:00,20.0455,74,15.119999,6.5,415.1
2025-07-23 23:00:00+07:00,19.9455,74,11.304229,6.5,402.5
2025-07-24 00:00:00+07:00,19.7455,75,9.605998,6.1,422.4
2025-07-24 01:00:00+07:00,19.2455,77,5.04,6.5,396.8
2025-07-24 02:00:00+07:00,19.5455,75,6.924738,6.6,413.2
2025-07-24 03:00:00+07:00,19.7955,74,10.853866,5.8,409.1
2025-07-24 04:00:00+07:00,19.6955,76,10.446206,5.8,394.4
2025-07-24 05:00:00+07:00,19.2455,79,10.464798,5.1,402.5
2025-07-24 06:00:00+07:00,18.7955,80,10.8955765,5.1,405.7
2025-07-24 07:00:00+07:00,18.595499,83,10.495713,4.6,399.8
2025-07-24 08:00:00+07:00,18.3955,84,9.107359,4.2,402.1
2025-07-24 09:00:00+07:00,18.1455,88,9.422101,4,401.1
2025-07-24 10:00:00+07:00,17.5455,88,8.825508,4.2,405.9
2025-07-24 11:00:00+07:00,17.095499,90,6.162207,4.7,409.2
2025-07-24 12:00:00+07:00,17.0455,89,7.42159,5.7,415
2025-07-24 13:00:00+07:00,17.1955,88,7.342588,6.3,515.7
2025-07-24 14:00:00+07:00,17.5455,87,9.726665,6.6,545.5
2025-07-24 15:00:00+07:00,18.345499,84,8.759178,6.4,784.5
2025-07-24 16:00:00+07:00,19.595499,79,10.661107,5.8,756
2025-07-24 17:00:00+07:00,19.9955,77,8.647496,5.2,841.1
2025-07-24 18:00:00+07:00,20.0455,78,9.422101,4.5,803.4
2025-07-24 19:00:00+07:00,22.4455,66,9.779817,4.3,615.3
2025-07-24 20:00:00+07:00,22.2955,66,9.107359,3.7,636.5
2025-07-24 21:00:00+07:00,22.9955,61,8.350138,3.6,627.3
2025-07-24 22:00:00+07:00,23.4955,62,10.464798,3.3,418.9
2025-07-24 23:00:00+07:00,23.095499,60,10.495713,3.7,415.1
2025-07-25 00:00:00+07:00,22.4455,67,9.021574,4.3,402.5
2025-07-25 01:00:00+07:00,22.4455,65,8.049845,4.1,422.4
2025-07-25 02:00:00+07:00,22.095499,65,5.495161,5.1,396.8
2025-07-25 03:00:00+07:00,21.5455,70,4.73506,5.1,413.2
2025-07-25 04:00:00+07:00,20.1455,81,3.7585104,5.7,409.1
2025-07-25 05:00:00+07:00,19.595499,85,5.0911684,6,394.4
2025-07-25 06:00:00+07:00,19.1955,82,4.5536795,6.7,402.5
2025-07-25 07:00:00+07:00,18.7455,83,5.815978,7.1,405.7
2025-07-25 08:00:00+07:00,18.7955,83,6.849467,6.8,399.8
2025-07-25 09:00:00+07:00,18.4955,85,7.172949,6.2,402.1
2025-07-25 10:00:00+07:00,18.0455,92,5.5887027,6,401.1
2025-07-25 11:00:00+07:00,18.345499,89,5.1544156,6,405.9
2025-07-25 12:00:00+07:00,18.4455,89,4.829907,5.9,409.2
2025-07-25 13:00:00+07:00,18.3955,92,6.1305785,7.1,415
2025-07-25 14:00:00+07:00,19.0455,87,6.439876,7.8,515.7
2025-07-25 15:00:00+07:00,20.095499,81,9.178235,7.3,545.5
2025-07-25 16:00:00+07:00,21.095499,77,11.542478,6.5,784.5
2025-07-25 17:00:00+07:00,20.845499,80,12.245294,6.6,756
2025-07-25 18:00:00+07:00,21.2955,78,10.308831,6.7,841.1
2025-07-25 19:00:00+07:00,21.2955,82,11.525623,6.4,803.4
2025-07-25 20:00:00+07:00,22.3955,73,10.08,5.9,615.3
2025-07-25 21:00:00+07:00,23.345499,67,9.826088,5.7,636.5
2025-07-25 22:00:00+07:00,24.595499,58,11.043261,5.1,627.3
2025-07-25 23:00:00+07:00,23.7455,65,12.904882,4.7,418.9
2025-07-26 00:00:00+07:00,22.845499,76,13.584932,4.3,415.1
2025-07-26 01:00:00+07:00,22.595499,69,10.739832,3.6,402.5
2025-07-26 02:00:00+07:00,21.2955,76,10.009036,4.3,422.4
2025-07-26 03:00:00+07:00,20.4955,86,8.225035,4.7,396.8
2025-07-26 04:00:00+07:00,20.2455,89,7.4128532,5.2,413.2
2025-07-26 05:00:00+07:00,20.0455,91,8.049845,5.3,409.1
2025-07-26 06:00:00+07:00,19.7955,92,9.178235,4.9,394.4
2025-07-26 07:00:00+07:00,19.6455,89,7.42159,5.1,402.5
2025-07-26 08:00:00+07:00,19.4955,91,5.8603754,5.8,405.7
2025-07-26 09:00:00+07:00,19.1455,87,8.435069,6.3,399.8
2025-07-26 10:00:00+07:00,18.4955,87,10.296251,6.4,402.1
2025-07-26 11:00:00+07:00,18.1955,87,9.449572,5.8,401.1
2025-07-26 12:00:00+07:00,18.095499,86,10.195057,5.7,405.9
2025-07-26 13:00:00+07:00,18.0455,82,10.009036,5.1,409.2
2025-07-26 14:00:00+07:00,18.1455,81,9,4.8,415
2025-07-26 15:00:00+07:00,18.345499,81,9.220499,4.8,515.7
2025-07-26 16:00:00+07:00,18.7955,74,6.9247384,4.6,545.5
2025-07-26 17:00:00+07:00,19.2455,71,7.7043357,4.5,784.5
2025-07-26 18:00:00+07:00,19.9955,67,6.87779,4.2,756
2025-07-26 19:00:00+07:00,19.845499,67,6.725354,4,841.1
2025-07-26 20:00:00+07:00,20.0455,68,10.464797,4.3,803.4
2025-07-26 21:00:00+07:00,21.345499,59,8.0899935,4.3,615.3
2025-07-26 22:00:00+07:00,21.3955,60,6.9153743,3.8,636.5
2025-07-26 23:00:00+07:00,21.7955,56,7.7043357,3.8,627.3
2025-07-27 00:00:00+07:00,21.5455,58,5.771239,3.6,418.9
2025-07-27 01:00:00+07:00,21.4955,59,7.2,3.6,415.1
2025-07-27 02:00:00+07:00,21.2455,59,3.6,3.9,402.5
2025-07-27 03:00:00+07:00,20.845499,61,1.5273507,4.6,422.4
2025-07-27 04:00:00+07:00,19.4955,72,0.8049845,5.6,396.8
2025-07-27 05:00:00+07:00,18.9455,75,2.1897945,6.4,413.2
2025-07-27 06:00:00+07:00,18.0455,83,2.8116899,7.3,409.1
2025-07-27 07:00:00+07:00,17.1455,91,2.1897945,7.8,394.4
2025-07-27 08:00:00+07:00,16.7455,89,2.4149535,7.8,402.5
2025-07-27 09:00:00+07:00,16.3955,90,2.0991426,8.4,405.7
2025-07-27 10:00:00+07:00,16.3955,92,2.5959969,8.7,399.8
2025-07-27 11:00:00+07:00,16.1455,92,1.0182338,9.1,402.1
2025-07-27 12:00:00+07:00,16.6955,88,3.319036,9,401.1
2025-07-27 13:00:00+07:00,18.2455,80,1.609969,7.4,405.9
2025-07-27 14:00:00+07:00,19.4955,73,1.609969,7.9,409.2
2025-07-27 15:00:00+07:00,20.7455,67,1.2979984,7.1,415
2025-07-27 16:00:00+07:00,22.2955,53,2.968636,6.8,515.7
2025-07-27 17:00:00+07:00,22.7955,51,5.991594,7.2,545.5
2025-07-27 18:00:00+07:00,23.6455,47,5.495161,7.6,784.5
2025-07-27 19:00:00+07:00,23.4955,48,8.905908,7.6,756
2025-07-27 20:00:00+07:00,23.845499,46,5.4833565,7.5,841.1
2025-07-27 21:00:00+07:00,23.5455,45,7.5685663,7.8,803.4
2025-07-27 22:00:00+07:00,23.595499,48,6.28713,7.7,615.3
2025-07-27 23:00:00+07:00,24.1455,45,6.1305785,7.2,636.5
2025-07-28 00:00:00+07:00,24.1455,43,6.193674,6.7,627.3
2025-07-28 01:00:00+07:00,24.4455,46,6.3690495,6.5,418.9
2025-07-28 02:00:00+07:00,23.8955,50,3.219938,6,415.1
2025-07-28 03:00:00+07:00,21.4455,70,7.6367526,5.7,402.5
2025-07-28 04:00:00+07:00,20.4455,74,10.514218,5.5,422.4
2025-07-28 05:00:00+07:00,19.4955,81,10.1887,6.6,396.8
2025-07-28 06:00:00+07:00,18.845499,83,10.144082,6.3,413.2
2025-07-28 07:00:00+07:00,18.4455,85,9.19939,7.1,409.1
2025-07-28 08:00:00+07:00,18.2455,89,9.339208,7.1,394.4
2025-07-28 09:00:00+07:00,18.0455,90,9.659814,6.7,402.5
2025-07-28 10:00:00+07:00,17.8955,90,8.311245,6.6,405.7
2025-07-28 11:00:00+07:00,17.7955,91,9.746631,6.8,399.8
2025-07-28 12:00:00+07:00,17.7955,88,9.605998,5.9,402.1
2025-07-28 13:00:00+07:00,18.0455,86,9.9571085,5.8,401.1
2025-07-28 14:00:00+07:00,18.095499,85,10.365251,5.7,405.9
2025-07-28 15:00:00+07:00,18.345499,82,11.808878,5.9,409.2
2025-07-28 16:00:00+07:00,20.8955,63,12.72283,5.1,415
2025-07-28 17:00:00+07:00,21.0455,66,13.584932,4.6,515.7
2025-07-28 18:00:00+07:00,21.6955,61,13.217443,4.5,545.5
2025-07-28 19:00:00+07:00,22.4455,62,16.363178,4.4,784.5
2025-07-28 20:00:00+07:00,21.7955,59,17.377226,4.5,756
2025-07-28 21:00:00+07:00,21.7455,54,15.072783,4.6,841.1
2025-07-28 22:00:00+07:00,23.2955,43,17.884428,4.5,803.4
2025-07-28 23:00:00+07:00,23.2455,42,19.09358,4.5,615.3
2025-07-29 00:00:00+07:00,22.845499,46,14.773164,5.6,636.5
2025-07-29 01:00:00+07:00,22.4955,43,12.475961,5.8,627.3
2025-07-29 02:00:00+07:00,21.4955,52,12.475961,5.4,418.9
2025-07-29 03:00:00+07:00,20.4955,57,11.885453,5.2,415.1
2025-07-29 04:00:00+07:00,19.5455,64,12.55879,4.8,402.5
2025-07-29 05:00:00+07:00,18.7955,67,12.387348,4.8,422.4
2025-07-29 06:00:00+07:00,17.8955,72,11.753877,4.5,396.8
2025-07-29 07:00:00+07:00,17.345499,76,12.397806,4.2,413.2
2025-07-29 08:00:00+07:00,16.6455,74,13.32,3.5,409.1
2025-07-29 09:00:00+07:00,15.695499,77,13.797913,4.4,394.4
2025-07-29 10:00:00+07:00,15.195499,85,12.849528,4.9,402.5
2025-07-29 11:00:00+07:00,14.7455,86,12.57426,4.4,405.7
2025-07-29 12:00:00+07:00,14.7955,86,11.720751,4.8,399.8
2025-07-29 13:00:00+07:00,15.5455,82,15.542662,5.1,402.1
2025-07-29 14:00:00+07:00,17.1455,72,15.379206,4.7,401.1
2025-07-29 15:00:00+07:00,18.4955,61,16.171976,4.6,405.9
2025-07-29 16:00:00+07:00,19.2955,62,14.799459,4.2,409.2
2025-07-29 17:00:00+07:00,19.6955,58,16.65754,4,415
2025-07-29 18:00:00+07:00,20.595499,54,15.856356,3.9,515.7
2025-07-29 19:00:00+07:00,21.2455,50,14.4,4,545.5
2025-07-29 20:00:00+07:00,20.845499,51,15.546833,4.1,784.5
2025-07-29 21:00:00+07:00,20.9455,53,20.799152,3.9,756
2025-07-29 22:00:00+07:00,21.1455,54,12.224107,3.9,841.1
2025-07-29 23:00:00+07:00,21.4955,50,15.745627,4.1,803.4
2025-07-30 00:00:00+07:00,20.3955,50,10.703569,4.3,615.3
2025-07-30 01:00:00+07:00,20.2955,53,10.105681,4.2,636.5
2025-07-30 02:00:00+07:00,19.4455,60,12.371645,4.2,627.3
2025-07-30 03:00:00+07:00,18.4955,58,9.0645685,4.9,418.9
2025-07-30 04:00:00+07:00,17.2455,67,7.5942073,5.1,415.1
2025-07-30 05:00:00+07:00,16.4955,72,6.725354,5.5,402.5
2025-07-30 06:00:00+07:00,15.8455,79,6.379216,5.2,422.4
2025-07-30 07:00:00+07:00,15.0955,80,6.6185193,5,396.8
2025-07-30 08:00:00+07:00,15.0455,80,7.628263,5.2,413.2
2025-07-30 09:00:00+07:00,15.195499,79,7.42159,5.4,409.1
2025-07-30 10:00:00+07:00,14.5955,80,7.4128532,5.9,394.4
2025-07-30 11:00:00+07:00,14.445499,81,6.6185193,6.9,402.5
2025-07-30 12:00:00+07:00,14.5455,80,7.172949,7.1,405.7
2025-07-30 13:00:00+07:00,15.3455,74,7.5685663,7.1,399.8
2025-07-30 14:00:00+07:00,16.6455,67,9.178235,6,402.1
2025-07-30 15:00:00+07:00,17.9455,61,9.360001,5.4,401.1
2025-07-30 16:00:00+07:00,19.3955,53,12.758432,5.4,405.9
2025-07-30 17:00:00+07:00,20.4455,49,12.72283,5,409.2
2025-07-30 18:00:00+07:00,21.1955,43,13.237039,4.6,415
2025-07-30 19:00:00+07:00,21.9955,38,12.7279215,4.5,515.7
2025-07-30 20:00:00+07:00,22.6955,33,12.57426,4.6,545.5
2025-07-30 21:00:00+07:00,22.6955,36,15.496736,4.7,784.5
2025-07-30 22:00:00+07:00,23.1455,34,12.879752,4.7,756
2025-07-30 23:00:00+07:00,23.1955,36,11.792404,5,841.1
2025-07-31 00:00:00+07:00,22.595499,38,13.849476,5,803.4
2025-07-31 01:00:00+07:00,21.7455,43,11.659777,4.6,615.3
2025-07-31 02:00:00+07:00,20.345499,52,11.659777,5.1,636.5
2025-07-31 03:00:00+07:00,19.095499,60,9.3876505,5.8,627.3
2025-07-31 04:00:00+07:00,18.1955,62,8.905908,6,418.9
2025-07-31 05:00:00+07:00,17.6955,63,7.771331,6,415.1
2025-07-31 06:00:00+07:00,17.1955,68,9.6932955,6,402.5
2025-07-31 07:00:00+07:00,17.0455,68,7.5685663,5.8,422.4
2025-07-31 08:00:00+07:00,16.7955,68,10.495713,6.1,396.8
2025-07-31 09:00:00+07:00,15.3455,77,8.209263,6.5,413.2
2025-07-31 10:00:00+07:00,15.1455,83,9.085988,6.4,409.1
2025-07-31 11:00:00+07:00,15.0455,85,10.1887,6.8,394.4
2025-07-31 12:00:00+07:00,15.2455,83,10.685391,7.3,402.5
2025-07-31 13:00:00+07:00,15.695499,80,10.587918,6.5,405.7
2025-07-31 14:00:00+07:00,16.0455,77,13.493999,4.7,399.8
2025-07-31 15:00:00+07:00,16.5455,74,14.336861,4.2,402.1
2025-07-31 16:00:00+07:00,17.9455,63,15.192682,4.3,401.1
2025-07-31 17:00:00+07:00,18.1455,67,14.20062,4.8,405.9
2025-07-31 18:00:00+07:00,16.7455,69,14.707222,4.5,409.2
2025-07-31 19:00:00+07:00,16.9955,76,10.086427,4.2,415
2025-07-31 20:00:00+07:00,18.3955,74,9.931042,4,515.7
2025-07-31 21:00:00+07:00,18.5455,72,11.177405,4.3,545.5
2025-07-31 22:00:00+07:00,18.6455,70,14.4,4.3,784.5
2025-07-31 23:00:00+07:00,18.845499,64,16.343367,3.9,756
2025-08-01 00:00:00+07:00,18.4455,68,14.869351,3.7,841.1
2025-08-01 01:00:00+07:00,18.1955,69,13.324863,4,803.4
2025-08-01 02:00:00+07:00,17.595499,72,9.47012,4.1,615.3
2025-08-01 03:00:00+07:00,17.2455,76,8.707237,5.1,636.5
2025-08-01 04:00:00+07:00,16.9955,80,6.989936,6.1,627.3
2025-08-01 05:00:00+07:00,16.7955,80,6.792466,6.3,418.9
2025-08-01 06:00:00+07:00,16.6955,81,6.3690495,6,415.1
2025-08-01 07:00:00+07:00,16.2955,81,6.151683,6.1,402.5
2025-08-01 08:00:00+07:00,16.1955,83,6.9247384,6.8,422.4
2025-08-01 09:00:00+07:00,16.1955,88,6.989936,7.4,396.8
2025-08-01 10:00:00+07:00,15.8455,90,6.9247384,7.9,413.2
2025-08-01 11:00:00+07:00,15.5955,91,6.519877,8.8,409.1
2025-08-01 12:00:00+07:00,15.5955,90,5.0911684,8.5,394.4
2025-08-01 13:00:00+07:00,16.2455,86,7.2359104,8.2,402.5
2025-08-01 14:00:00+07:00,16.9455,81,8.4042845,7.9,405.7
2025-08-01 15:00:00+07:00,17.595499,77,9.360001,7.4,399.8
2025-08-01 16:00:00+07:00,18.845499,70,9.028754,6.2,402.1
2025-08-01 17:00:00+07:00,19.7955,65,9.227524,6.1,401.1
2025-08-01 18:00:00+07:00,19.6455,71,10.948973,5.8,405.9
2025-08-01 19:00:00+07:00,18.7955,79,10.805998,5.6,409.2
2025-08-01 20:00:00+07:00,19.4455,70,10.296251,6.5,415
2025-08-01 21:00:00+07:00,18.2955,81,13.044722,6.4,515.7
2025-08-01 22:00:00+07:00,19.845499,62,7.2805495,6,545.5
2025-08-01 23:00:00+07:00,20.4455,66,5.0911684,5.3,784.5
2025-08-02 00:00:00+07:00,21.2455,59,7.127636,5.2,756
2025-08-02 01:00:00+07:00,21.4455,53,8.14587,4.8,841.1
2025-08-02 02:00:00+07:00,20.595499,61,6.489992,5.2,803.4
2025-08-02 03:00:00+07:00,19.7955,65,7.9932966,5.8,615.3
2025-08-02 04:00:00+07:00,17.9455,79,8.217153,7.6,636.5
2025-08-02 05:00:00+07:00,17.4955,81,7.072878,8.2,627.3
2025-08-02 06:00:00+07:00,17.1955,82,6.763786,7.2,418.9
2025-08-02 07:00:00+07:00,16.4955,86,7.24486,5.6,415.1
2025-08-02 08:00:00+07:00,16.345499,86,5.8048253,5.8,402.5
2025-08-02 09:00:00+07:00,16.1455,87,7.42159,6.7,422.4
2025-08-02 10:00:00+07:00,16.095499,91,7.42159,7.1,396.8
2025-08-02 11:00:00+07:00,16.0455,91,6.28713,7.5,413.2
2025-08-02 12:00:00+07:00,16.1455,91,7.289444,6.6,409.1
2025-08-02 13:00:00+07:00,16.345499,85,10.182337,6.4,394.4
2025-08-02 14:00:00+07:00,16.7455,82,10.086427,5.8,402.5
2025-08-02 15:00:00+07:00,18.3955,69,11.013882,5,405.7
2025-08-02 16:00:00+07:00,18.7955,68,10.239453,4.2,399.8
2025-08-02 17:00:00+07:00,19.6955,62,9.983106,3.4,402.1
2025-08-02 18:00:00+07:00,20.345499,61,10.685391,3.3,401.1
2025-08-02 19:00:00+07:00,19.9455,67,9.178235,3.2,405.9
2025-08-02 20:00:00+07:00,21.0455,58,8.587338,3,409.2
2025-08-02 21:00:00+07:00,19.9455,71,11.165805,2.8,415
2025-08-02 22:00:00+07:00,22.0455,59,14.565548,2.9,515.7
2025-08-02 23:00:00+07:00,22.0455,59,8.707238,3,545.5
2025-08-03 00:00:00+07:00,22.2455,52,9.422101,3.3,784.5
2025-08-03 01:00:00+07:00,22.2455,50,4.8965297,3.7,756
2025-08-03 02:00:00+07:00,21.5455,56,3.6,3.6,841.1
2025-08-03 03:00:00+07:00,20.4955,57,4.32,4.9,803.4
2025-08-03 04:00:00+07:00,18.9955,71,5.5887027,5.3,615.3
2025-08-03 05:00:00+07:00,18.5455,71,6.9153743,5.1,636.5
2025-08-03 06:00:00+07:00,17.595499,82,5.771239,5,627.3
2025-08-03 07:00:00+07:00,16.845499,83,7.928178,5.3,418.9
2025-08-03 08:00:00+07:00,15.7455,86,9.178235,4.9,415.1
2025-08-03 09:00:00+07:00,15.0955,91,9.114471,5,402.5
2025-08-03 10:00:00+07:00,14.8955,92,7.6367526,5.4,422.4
2025-08-03 11:00:00+07:00,14.8455,93,8.28,4.7,396.8
2025-08-03 12:00:00+07:00,15.195499,90,11.159999,4.6,396.8
2025-08-03 13:00:00+07:00,15.7955,82,14.973576,4,413.2
2025-08-03 14:00:00+07:00,16.6955,77,14.830076,4.3,409.1
2025-08-03 15:00:00+07:00,17.345499,74,11.525623,4.3,394.4
2025-08-03 16:00:00+07:00,16.6455,80,11.304229,4.4,402.5
2025-08-03 17:00:00+07:00,17.7455,74,13.138765,4.4,405.7
2025-08-03 18:00:00+07:00,18.2955,71,13.339445,4,399.8
2025-08-03 19:00:00+07:00,18.9955,67,12.682018,3.8,402.1
2025-08-03 20:00:00+07:00,19.0455,62,12.245294,3.8,401.1
2025-08-03 21:00:00+07:00,19.2455,59,14.869351,3.5,405.9
2025-08-03 22:00:00+07:00,18.1955,64,13.722565,3.5,409.2
2025-08-03 23:00:00+07:00,17.7955,69,13.679999,3.3,415
2025-08-04 00:00:00+07:00,16.9955,73,12.6462,3.4,515.7
2025-08-04 01:00:00+07:00,17.1955,73,13.009903,3.1,545.5
2025-08-04 02:00:00+07:00,16.7955,76,11.874544,2.9,784.5
2025-08-04 03:00:00+07:00,16.4455,78,10.315115,3.3,756
2025-08-04 04:00:00+07:00,16.2955,78,9.957108,3.7,841.1
2025-08-04 05:00:00+07:00,15.8955,82,9.885262,4,803.4
2025-08-04 06:00:00+07:00,15.7955,84,9.693296,4.9,615.3
2025-08-04 07:00:00+07:00,15.5455,88,10.703569,6.1,636.5
2025-08-04 08:00:00+07:00,15.445499,88,10.829959,6.9,627.3
2025-08-04 09:00:00+07:00,15.2955,88,9.339208,7.3,418.9
2025-08-04 10:00:00+07:00,15.2455,87,8.913181,7.6,415.1
2025-08-04 11:00:00+07:00,15.2455,88,7.491114,7.8,402.5
2025-08-04 12:00:00+07:00,15.1455,90,10.00256,7.5,422.4
2025-08-04 13:00:00+07:00,15.3455,91,8.825508,5.9,396.8
2025-08-04 14:00:00+07:00,15.7455,88,11.183201,5.6,413.2
2025-08-04 15:00:00+07:00,17.095499,80,11.91812,4.9,409.1
2025-08-04 16:00:00+07:00,18.2455,76,10.44,5.5,394.4
2025-08-04 17:00:00+07:00,19.5455,73,14.372974,5.5,402.5
2025-08-04 18:00:00+07:00,19.4955,72,13.32,4.9,405.7
2025-08-04 19:00:00+07:00,20.4955,69,12.43434,4.1,399.8
2025-08-04 20:00:00+07:00,20.595499,76,11.440978,3.8,402.1
2025-08-04 21:00:00+07:00,21.3955,65,10.805999,3.8,401.1
2025-08-04 22:00:00+07:00,22.845499,55,11.252519,3.6,405.9
2025-08-04 23:00:00+07:00,23.5455,38,11.966953,4,409.2
2025-08-05 00:00:00+07:00,23.2955,40,10.739833,3.9,415
2025-08-05 01:00:00+07:00,22.9955,39,7.6367526,4.5,515.7
2025-08-05 02:00:00+07:00,21.8955,49,4.1046314,5,545.5
2025-08-05 03:00:00+07:00,20.595499,58,6.5693827,5.7,784.5
2025-08-05 04:00:00+07:00,20.095499,61,7.9932976,6.4,756
2025-08-05 05:00:00+07:00,19.6955,61,8.473393,5.9,841.1
2025-08-05 06:00:00+07:00,19.6455,63,10.195057,5.8,803.4
2025-08-05 07:00:00+07:00,19.7955,71,10.787993,5.6,615.3
2025-08-05 08:00:00+07:00,19.6955,71,12.979984,5.6,636.5
2025-08-05 09:00:00+07:00,19.1955,76,13.217443,4.9,627.3
2025-08-05 10:00:00+07:00,18.7455,82,11.726277,4.9,418.9
2025-08-05 11:00:00+07:00,18.6455,84,11.384199,4.9,415.1
2025-08-05 12:00:00+07:00,18.845499,85,12.682018,4.9,402.5
2025-08-05 13:00:00+07:00,18.9455,87,11.457958,5.5,422.4
2025-08-05 14:00:00+07:00,19.4455,85,13.049689,5.1,396.8
2025-08-05 15:00:00+07:00,19.9455,77,15.188415,4.6,413.2
2025-08-05 16:00:00+07:00,17.845499,86,11.113451,3.9,409.1
2025-08-05 17:00:00+07:00,17.595499,68,14.417988,4.1,394.4
2025-08-05 18:00:00+07:00,17.1455,82,8.942214,3.7,402.5
2025-08-05 19:00:00+07:00,17.2955,84,10.00256,3.2,405.7
2025-08-05 20:00:00+07:00,18.4955,66,15.84409,3.8,399.8
2025-08-05 21:00:00+07:00,19.1455,62,14.264361,4.7,402.1
2025-08-05 22:00:00+07:00,19.4455,64,9.904906,4.3,401.1
2025-08-05 23:00:00+07:00,20.095499,61,12.313893,4.4,405.9
2025-08-06 00:00:00+07:00,20.3955,59,11.090103,5.1,409.2
2025-08-06 01:00:00+07:00,19.6955,70,10.1887,5.1,415
2025-08-06 02:00:00+07:00,19.1955,70,11.457958,5,515.7
2025-08-06 03:00:00+07:00,17.7955,60,15.1884165,5.2,545.5
2025-08-06 04:00:00+07:00,16.7455,64,13.237039,5.4,784.5
2025-08-06 05:00:00+07:00,15.5955,70,10.931203,5.2,756
2025-08-06 06:00:00+07:00,15.195499,72,11.252519,5.1,841.1
2025-08-06 07:00:00+07:00,14.445499,72,10.446206,5.5,803.4
2025-08-06 08:00:00+07:00,13.8955,75,10.495713,4.3,615.3
2025-08-06 09:00:00+07:00,13.3955,77,11.090103,5.2,636.5
2025-08-06 10:00:00+07:00,12.9955,77,11.720751,5.2,627.3
2025-08-06 11:00:00+07:00,12.5955,81,10.703569,4.9,418.9
2025-08-06 12:00:00+07:00,12.5455,83,10.739833,4.8,415.1
2025-08-06 13:00:00+07:00,13.445499,80,11.27553,5.4,402.5
2025-08-06 14:00:00+07:00,14.6455,76,11.165805,5,422.4
2025-08-06 15:00:00+07:00,16.345499,70,13.202726,4.8,396.8
2025-08-06 16:00:00+07:00,17.5455,63,12.287555,4.6,413.2
2025-08-06 17:00:00+07:00,18.8955,58,14.113653,4.2,409.1
2025-08-06 18:00:00+07:00,19.9455,51,14.404499,4.3,394.4
2025-08-06 19:00:00+07:00,20.6955,45,14.417988,4.4,402.5
2025-08-06 20:00:00+07:00,21.4955,40,12.849528,4.4,405.7
2025-08-06 21:00:00+07:00,21.6455,40,16.808569,4.4,399.8
2025-08-06 22:00:00+07:00,21.7455,35,13.049689,4.8,402.1
2025-08-06 23:00:00+07:00,21.8955,35,12.496719,5.3,401.1
2025-08-07 00:00:00+07:00,21.4955,43,10.8955765,5.8,405.9
2025-08-07 01:00:00+07:00,21.3955,41,9.531505,5.7,409.2
2025-08-07 02:00:00+07:00,20.4455,42,7.9932976,6.1,415
2025-08-07 03:00:00+07:00,19.3955,45,4.6938252,6.9,515.7
2025-08-07 04:00:00+07:00,17.7455,62,3.8773184,7.4,545.5
2025-08-07 05:00:00+07:00,17.095499,64,3.563818,8,784.5
2025-08-07 06:00:00+07:00,16.4455,69,4.1046314,8.5,756
2025-08-07 07:00:00+07:00,15.4955,76,4.39436,9.3,841.1
2025-08-07 08:00:00+07:00,15.0455,73,4.510787,9.7,803.4
2025-08-07 09:00:00+07:00,14.7955,73,3.8773184,10.4,615.3
2025-08-07 10:00:00+07:00,14.1455,79,4.1046314,11.1,636.5
2025-08-07 11:00:00+07:00,14.0955,77,3.671294,11.9,627.3
2025-08-07 12:00:00+07:00,14.4955,75,4.0249224,13,418.9
2025-08-07 13:00:00+07:00,15.2455,75,3.219938,14.4,415.1
2025-08-07 14:00:00+07:00,16.7455,69,5.0911684,15.5,402.5
2025-08-07 15:00:00+07:00,18.4955,61,6.638072,13.9,422.4
2025-08-07 16:00:00+07:00,20.595499,52,6.2145634,11.4,396.8
2025-08-07 17:00:00+07:00,21.7955,51,8.825508,8.8,413.2
2025-08-07 18:00:00+07:00,22.845499,48,10.464798,7.9,409.1
2025-08-07 19:00:00+07:00,24.2955,35,11.885453,7.2,394.4
2025-08-07 20:00:00+07:00,24.7955,36,11.901798,6.5,402.5
2025-08-07 21:00:00+07:00,25.1955,32,12.224107,6.4,405.7
2025-08-07 22:00:00+07:00,25.3955,36,11.5199995,6.1,399.8
2025-08-07 23:00:00+07:00,25.6955,29,11.298495,6.3,402.1
2025-08-08 00:00:00+07:00,25.345499,30,8.669949,6.2,401.1
2025-08-08 01:00:00+07:00,24.9455,35,6.2145634,6.4,405.9
2025-08-08 02:00:00+07:00,23.8955,39,5.00128,7,409.2
2025-08-08 03:00:00+07:00,22.5455,47,3.4152596,7.5,415
2025-08-08 04:00:00+07:00,20.9455,61,5.154415,9,515.7
2025-08-08 05:00:00+07:00,20.345499,60,3.5455887,9.2,545.5
2025-08-08 06:00:00+07:00,19.7455,61,4.3498964,8.7,784.5
2025-08-08 07:00:00+07:00,19.1455,65,6.8777895,8.7,756
2025-08-08 08:00:00+07:00,18.845499,68,2.6208394,8.8,841.1
2025-08-08 09:00:00+07:00,18.4455,71,1.835647,8.8,803.4
2025-08-08 10:00:00+07:00,18.595499,70,3.396233,8.9,615.3
2025-08-08 11:00:00+07:00,18.2455,71,2.9024127,9.2,636.5
2025-08-08 12:00:00+07:00,18.5455,69,5.3999996,10.2,627.3
2025-08-08 13:00:00+07:00,19.2455,64,4.3349743,11.9,418.9
2025-08-08 14:00:00+07:00,20.3955,61,3.396233,13,415.1
2025-08-08 15:00:00+07:00,21.595499,55,5.315336,12.7,402.5
2025-08-08 16:00:00+07:00,22.9455,47,8.209263,11.2,422.4
2025-08-08 17:00:00+07:00,23.9455,47,10.30883,9.4,396.8
2025-08-08 18:00:00+07:00,25.0455,45,11.4862,7.8,396.8
2025-08-08 19:00:00+07:00,26.2455,40,12.783802,7.3,413.2
2025-08-08 20:00:00+07:00,27.4955,33,16.171976,7.4,409.1
2025-08-08 21:00:00+07:00,27.6955,34,18.014393,7.6,394.4
2025-08-08 22:00:00+07:00,27.5455,34,15.517629,7,402.5
2025-08-08 23:00:00+07:00,27.1955,37,14.458382,6.7,405.7
2025-08-09 00:00:00+07:00,26.4955,40,11.966953,7,399.8
2025-08-09 01:00:00+07:00,25.6955,44,11.183201,7.9,402.1
2025-08-09 02:00:00+07:00,24.6955,47,7.10031,9.4,401.1
2025-08-09 03:00:00+07:00,23.595499,52,5.95906,10,405.9
2025-08-09 04:00:00+07:00,22.1455,64,4.452954,10,409.2
2025-08-09 05:00:00+07:00,21.4455,67,4.072935,9.8,415
2025-08-09 06:00:00+07:00,20.6955,70,3.5455887,10,515.7
2025-08-09 07:00:00+07:00,19.5455,80,2.9024127,10.9,545.5
2025-08-09 08:00:00+07:00,18.845499,81,3.6,11.6,784.5
2025-08-09 09:00:00+07:00,18.2455,81,3.219938,11.8,756
2025-08-09 10:00:00+07:00,16.9955,86,2.5455842,11.6,841.1
2025-08-09 11:00:00+07:00,16.4955,86,2.8116899,11.5,803.4
2025-08-09 12:00:00+07:00,16.7955,84,3.219938,12.9,615.3
2025-08-09 13:00:00+07:00,18.2955,76,3.7585104,13.6,636.5
2025-08-09 14:00:00+07:00,20.4455,66,4.73506,13,627.3
2025-08-09 15:00:00+07:00,22.3955,59,7.10031,12,418.9
2025-08-09 16:00:00+07:00,24.2455,53,7.2,10.5,415.1
2025-08-09 17:00:00+07:00,25.5455,47,8.654987,10.1,402.5
2025-08-09 18:00:00+07:00,26.4455,46,8.0899935,10,422.4
2025-08-09 19:00:00+07:00,27.3955,42,8.427383,9.8,396.8
2025-08-09 20:00:00+07:00,28.1455,43,10.00256,9.6,413.2
2025-08-09 21:00:00+07:00,28.845499,38,10.787993,9.7,409.1
2025-08-09 22:00:00+07:00,29.2455,36,10.24578,10.1,394.4
2025-08-09 23:00:00+07:00,29.4455,36,8.825508,10,402.5
2025-08-10 00:00:00+07:00,29.4455,35,7.127636,10.2,405.7
2025-08-10 01:00:00+07:00,29.095499,39,7.0911775,10.2,399.8
2025-08-10 02:00:00+07:00,27.4455,50,6.28713,10.6,402.1
2025-08-10 03:00:00+07:00,26.345499,45,8.12197,11,401.1
2025-08-10 04:00:00+07:00,24.845499,64,7.754637,11.6,405.9
2025-08-10 05:00:00+07:00,23.2955,65,10.587918,12.1,409.2
2025-08-10 06:00:00+07:00,22.3955,63,9.793059,12.3,415
2025-08-10 07:00:00+07:00,21.5455,65,8.707237,12,515.7
2025-08-10 08:00:00+07:00,20.595499,65,11.119281,11.4,545.5
2025-08-10 09:00:00+07:00,18.4455,77,13.551501,10.5,784.5
2025-08-10 10:00:00+07:00,18.595499,73,12.475961,10.9,756
2025-08-10 11:00:00+07:00,17.7455,76,13.584932,10.4,841.1
2025-08-10 12:00:00+07:00,16.9455,82,15.484185,12.2,803.4
2025-08-10 13:00:00+07:00,17.1955,72,14.689588,9.6,615.3
2025-08-10 14:00:00+07:00,18.0455,65,16.563911,7.3,636.5
2025-08-10 15:00:00+07:00,19.345499,58,16.323528,5.7,627.3
2025-08-10 16:00:00+07:00,20.1455,56,15.30741,5.4,418.9
2025-08-10 17:00:00+07:00,21.9955,45,15.986593,5.7,415.1
2025-08-10 18:00:00+07:00,22.4955,44,17.377226,5.5,402.5
2025-08-10 19:00:00+07:00,22.7455,43,16.323528,5.5,422.4
2025-08-10 20:00:00+07:00,23.9955,39,16.135872,5.2,396.8
2025-08-10 21:00:00+07:00,24.4955,37,17.447933,4.9,413.2
2025-08-10 22:00:00+07:00,24.4955,37,17.148247,4.9,409.1
2025-08-10 23:00:00+07:00,24.1955,34,13.479583,5.2,394.4
2025-08-11 00:00:00+07:00,23.6455,38,12.72283,5.1,402.5
2025-08-11 01:00:00+07:00,23.2455,36,9.931042,4.8,405.7
2025-08-11 02:00:00+07:00,22.095499,41,9.255571,4.5,399.8
2025-08-11 03:00:00+07:00,20.9955,48,4.802999,4.5,402.1
2025-08-11 04:00:00+07:00,19.5455,60,5.8603754,4.3,401.1
2025-08-11 05:00:00+07:00,17.9955,64,6.439876,4.3,405.9
2025-08-11 06:00:00+07:00,17.1955,66,4.510787,4.6,409.2
2025-08-11 07:00:00+07:00,15.9955,76,3.5455887,5,415
2025-08-11 08:00:00+07:00,15.5955,77,2.3051248,5.3,515.7
2025-08-11 09:00:00+07:00,15.3455,79,1.835647,5.8,545.5
2025-08-11 10:00:00+07:00,14.2955,87,1.9386592,6.1,784.5
2025-08-11 11:00:00+07:00,14.0455,88,0.71999997,6.4,756
2025-08-11 12:00:00+07:00,14.3955,88,1.08,7.2,841.1
2025-08-11 13:00:00+07:00,15.5955,81,2.5455842,7.6,803.4
2025-08-11 14:00:00+07:00,17.2455,69,3.671294,8.3,615.3
2025-08-11 15:00:00+07:00,19.3955,59,2.4149535,8,636.5
2025-08-11 16:00:00+07:00,21.7955,43,3.096837,6.7,627.3
2025-08-11 17:00:00+07:00,23.0455,42,3.671294,6.1,418.9
2025-08-11 18:00:00+07:00,23.9955,40,6.4799995,6.2,415.1
2025-08-11 19:00:00+07:00,24.7955,39,6.489992,6.5,402.5
2025-08-11 20:00:00+07:00,25.595499,38,4.379589,6.1,422.4
2025-08-11 21:00:00+07:00,26.0455,34,6.130579,5.8,396.8
2025-08-11 22:00:00+07:00,26.2455,34,4.6938252,5.6,413.2
2025-08-11 23:00:00+07:00,26.1455,34,6.489992,5.5,409.1
2025-08-12 00:00:00+07:00,25.8955,34,6.193674,5.5,394.4
2025-08-12 01:00:00+07:00,25.5455,32,6.725354,5.2,402.5
2025-08-12 02:00:00+07:00,23.9455,44,7.24486,6.1,405.7
2025-08-12 03:00:00+07:00,22.5455,47,6.4096174,6.6,399.8
2025-08-12 04:00:00+07:00,21.6455,55,5.0528407,7,402.1
2025-08-12 05:00:00+07:00,20.6955,60,4.452954,7.4,401.1
2025-08-12 06:00:00+07:00,20.0455,61,4.6938252,7.6,405.9
2025-08-12 07:00:00+07:00,18.9955,68,4.802999,6.8,409.2
2025-08-12 08:00:00+07:00,18.345499,69,4.3349743,6.5,415
2025-08-12 09:00:00+07:00,17.4955,71,5.3999996,6.9,515.7
2025-08-12 10:00:00+07:00,16.7955,77,4.0249224,7.8,545.5
2025-08-12 11:00:00+07:00,16.3955,77,4.39436,8.9,784.5
2025-08-12 12:00:00+07:00,16.6455,74,4.6938257,9.6,756
2025-08-12 13:00:00+07:00,17.6955,67,5.1165614,9.9,841.1
2025-08-12 14:00:00+07:00,19.595499,59,4.8965297,9.6,803.4
2025-08-12 15:00:00+07:00,21.7455,52,6.12,8.9,615.3
2025-08-12 16:00:00+07:00,24.2455,42,5.1919937,9.2,636.5
2025-08-12 17:00:00+07:00,25.9455,37,5.904439,8.6,627.3
2025-08-12 18:00:00+07:00,26.9955,35,7.653705,9.2,418.9
2025-08-12 19:00:00+07:00,27.9455,32,9.178235,9.8,415.1
2025-08-12 20:00:00+07:00,28.6955,30,9.220499,10.2,402.5
2025-08-12 21:00:00+07:00,29.1455,29,8.404285,10.6,422.4
2025-08-12 22:00:00+07:00,29.3955,31,9.021574,10.7,396.8
2025-08-12 23:00:00+07:00,29.1955,28,10.1887,10.6,413.2
2025-08-13 00:00:00+07:00,28.845499,30,9.826088,8.4,409.1
2025-08-13 01:00:00+07:00,27.8955,33,10.308831,8,394.4
2025-08-13 02:00:00+07:00,26.4955,36,10.086427,7.9,402.5
2025-08-13 03:00:00+07:00,24.7955,45,9.72,7.7,405.7
2025-08-13 04:00:00+07:00,23.4955,52,8.311245,7.8,399.8
2025-08-13 05:00:00+07:00,22.4955,53,9.826088,8,402.1
2025-08-13 06:00:00+07:00,21.1955,56,9.6932955,8.3,401.1
2025-08-13 07:00:00+07:00,20.3955,58,8.905908,9.6,405.9
2025-08-13 08:00:00+07:00,19.7455,59,8.473393,9.5,409.2
2025-08-13 09:00:00+07:00,19.1955,59,9.9571085,9.5,415
2025-08-13 10:00:00+07:00,18.595499,64,10.137692,9.8,515.7
2025-08-13 11:00:00+07:00,18.2455,65,8.473393,10.5,545.5
2025-08-13 12:00:00+07:00,18.095499,66,10.948973,11.1,784.5
2025-08-13 13:00:00+07:00,18.7455,63,9.255571,12.4,756
2025-08-13 14:00:00+07:00,19.9455,61,6.6185193,12.1,841.1
2025-08-13 15:00:00+07:00,21.2955,57,7.5942073,11.8,803.4
2025-08-13 16:00:00+07:00,23.6955,53,7.0911775,11.6,615.3
2025-08-13 17:00:00+07:00,26.1955,45,9.9571085,11.3,636.5
2025-08-13 18:00:00+07:00,27.9955,45,7.289445,11,627.3
2025-08-13 19:00:00+07:00,30.845499,32,8.942214,10.9,418.9
2025-08-13 20:00:00+07:00,31.6955,24,9.673221,10.9,415.1
2025-08-13 21:00:00+07:00,31.9455,24,7.8954163,10.6,402.5
2025-08-13 22:00:00+07:00,32.245502,24,4.8433046,10.1,422.4
2025-08-13 23:00:00+07:00,31.6955,28,11.792404,9.8,396.8
2025-08-14 00:00:00+07:00,30.4455,38,12.605142,10.1,413.2
2025-08-14 01:00:00+07:00,29.3955,39,12.6462,9.9,409.1
2025-08-14 02:00:00+07:00,28.0455,42,10.086427,10.5,394.4
2025-08-14 03:00:00+07:00,26.4455,44,9.178235,10.7,402.5
2025-08-14 04:00:00+07:00,24.8955,49,8.12197,10,405.7
2025-08-14 05:00:00+07:00,23.595499,52,8.209263,9.5,399.8
2025-08-14 06:00:00+07:00,22.6455,54,8.4042845,9.2,402.1
2025-08-14 07:00:00+07:00,21.9455,58,5.0142193,9.4,401.1
2025-08-14 08:00:00+07:00,21.345499,60,6.162207,10.3,405.9
2025-08-14 09:00:00+07:00,20.845499,63,6.130579,10.9,409.2
2025-08-14 10:00:00+07:00,20.345499,66,5.7599998,11.4,415
2025-08-14 11:00:00+07:00,20.0455,68,5.1544156,11.9,515.7
2025-08-14 12:00:00+07:00,20.1455,68,5.2416787,12.1,545.5
2025-08-14 13:00:00+07:00,21.0455,64,5.4477882,12.9,784.5
2025-08-14 14:00:00+07:00,23.1455,56,7.2,12.8,756
2025-08-14 15:00:00+07:00,24.9455,51,7.2359104,12.7,841.1
2025-08-14 16:00:00+07:00,27.1955,46,8.209263,12.8,803.4
2025-08-14 17:00:00+07:00,29.1455,44,8.473393,12.4,615.3
2025-08-14 18:00:00+07:00,31.095499,37,8.854829,11.9,636.5
2025-08-14 19:00:00+07:00,32.0455,36,8.435069,11.2,627.3
2025-08-14 20:00:00+07:00,32.495502,36,6.9153743,10.5,418.9
2025-08-14 21:00:00+07:00,33.3455,35,5.3517847,10.6,415.1
2025-08-14 22:00:00+07:00,33.445503,26,6.489992,11.1,402.5
2025-08-14 23:00:00+07:00,33.3455,29,4.3498964,11.3,422.4
2025-08-15 00:00:00+07:00,32.745502,36,9.028754,11.6,396.8
2025-08-15 01:00:00+07:00,32.0455,37,6.5693827,11.8,413.2
2025-08-15 02:00:00+07:00,30.3955,46,6.297428,12.3,409.1
2025-08-15 03:00:00+07:00,29.1455,48,5.506941,13.2,394.4
2025-08-15 04:00:00+07:00,27.4455,58,5.0142193,14.2,402.5
2025-08-15 05:00:00+07:00,26.3955,61,5.771239,14.5,405.7
2025-08-15 06:00:00+07:00,25.345499,62,6.9527545,14.2,399.8
2025-08-15 07:00:00+07:00,24.4955,62,6.9247384,13,402.1
2025-08-15 08:00:00+07:00,23.6455,64,7.4128532,12.7,401.1
2025-08-15 09:00:00+07:00,22.9455,66,6.297428,12.5,405.9
2025-08-15 10:00:00+07:00,22.2955,69,4.6938257,13.3,409.2
2025-08-15 11:00:00+07:00,21.845499,71,6.1305785,13.9,415
2025-08-15 12:00:00+07:00,21.8955,72,4.6102495,15.2,515.7
2025-08-15 13:00:00+07:00,22.6455,66,4.1046314,15.4,545.5
2025-08-15 14:00:00+07:00,24.345499,60,3.8268526,15.6,784.5
2025-08-15 15:00:00+07:00,26.4955,54,2.3051248,15.8,756
2025-08-15 16:00:00+07:00,28.9455,44,2.4149535,15.9,841.1
2025-08-15 17:00:00+07:00,31.1455,39,0.35999998,17.1,803.4
2025-08-15 18:00:00+07:00,32.495502,35,1.8,17.1,615.3
2025-08-15 19:00:00+07:00,33.495502,35,6.849467,16.7,636.5
2025-08-15 20:00:00+07:00,34.0955,28,7.968939,16.6,627.3
2025-08-15 21:00:00+07:00,33.8955,34,7.6367526,15.4,418.9
2025-08-15 22:00:00+07:00,33.495502,39,12.88981,15.2,415.1
2025-08-15 23:00:00+07:00,32.6455,38,14.512064,16.8,402.5
2025-08-16 00:00:00+07:00,31.2455,49,16.418526,17.5,422.4
2025-08-16 01:00:00+07:00,29.8955,51,15.7908325,16.3,396.8
2025-08-16 02:00:00+07:00,27.6455,44,16.323528,14.1,413.2
2025-08-16 03:00:00+07:00,25.7455,58,13.138765,10.3,409.1
2025-08-16 04:00:00+07:00,24.8955,58,9.449572,7.6,394.4
2025-08-16 05:00:00+07:00,23.845499,62,7.653705,7,402.5
2025-08-16 06:00:00+07:00,22.6955,66,6.8777895,6.1,405.7
2025-08-16 07:00:00+07:00,21.6455,70,7.386582,6.4,399.8
2025-08-16 08:00:00+07:00,20.7455,72,8.404285,6.5,402.1
2025-08-16 09:00:00+07:00,19.8955,76,8.714677,7.6,401.1
2025-08-16 10:00:00+07:00,19.1455,80,7.42159,9.1,405.9
2025-08-16 11:00:00+07:00,18.5455,85,8.654987,9.9,409.2
2025-08-16 12:00:00+07:00,18.6455,86,8.404285,10.4,415
2025-08-16 13:00:00+07:00,18.9455,83,12.229406,12.6,515.7
2025-08-16 14:00:00+07:00,19.095499,81,10.195057,12.9,545.5
2025-08-16 15:00:00+07:00,19.9955,75,9.931042,11.7,784.5
2025-08-16 16:00:00+07:00,20.095499,72,11.792404,10.6,756
2025-08-16 17:00:00+07:00,20.595499,71,13.896187,10.9,841.1
2025-08-16 18:00:00+07:00,21.5455,65,13.363711,9.7,803.4
2025-08-16 19:00:00+07:00,22.6455,59,15.807239,8.6,615.3
2025-08-16 20:00:00+07:00,24.095499,52,14.168641,7.6,636.5
2025-08-16 21:00:00+07:00,24.6955,34,15.1884165,6.6,627.3
2025-08-16 22:00:00+07:00,24.5455,33,14.88242,5.7,418.9
2025-08-16 23:00:00+07:00,23.9455,39,14.88242,4.8,415.1
2025-08-17 00:00:00+07:00,23.4455,39,13.979872,4.6,402.5
2025-08-17 01:00:00+07:00,22.9455,36,13.004922,4.6,422.4
2025-08-17 02:00:00+07:00,21.845499,42,10.685391,4.7,396.8
2025-08-17 03:00:00+07:00,20.095499,49,8.28,5.2,413.2
2025-08-17 04:00:00+07:00,19.095499,56,7.5170207,4.6,409.1
2025-08-17 05:00:00+07:00,18.1455,60,5.3517847,4.4,394.4
2025-08-17 06:00:00+07:00,17.4955,65,5.1165614,4.4,402.5
2025-08-17 07:00:00+07:00,16.1955,68,7.5942082,4.3,405.7
2025-08-17 08:00:00+07:00,15.195499,74,8.0899935,4.1,399.8
2025-08-17 09:00:00+07:00,14.445499,76,8.707237,3.6,402.1
2025-08-17 10:00:00+07:00,13.945499,77,10.365251,3.5,401.1
2025-08-17 11:00:00+07:00,13.3955,79,10.163227,3.7,405.9
2025-08-17 12:00:00+07:00,13.2455,80,9.565437,3.8,409.2
2025-08-17 13:00:00+07:00,13.3955,81,8.825508,4,415
2025-08-17 14:00:00+07:00,14.2955,78,7.968939,3.9,515.7
2025-08-17 15:00:00+07:00,15.445499,74,8.209263,3.9,545.5
2025-08-17 16:00:00+07:00,17.2955,68,7.69592,3.1,784.5
2025-08-17 17:00:00+07:00,18.4955,63,8.217153,3.2,756
2025-08-17 18:00:00+07:00,19.3955,59,7.653705,3.2,841.1
2025-08-17 19:00:00+07:00,20.1455,55,9.726664,3.5,803.4
2025-08-17 20:00:00+07:00,20.9955,52,7.6367526,3.7,615.3
2025-08-17 21:00:00+07:00,21.7955,46,8.435069,3.6,636.5
2025-08-17 22:00:00+07:00,22.8955,37,7.289444,3.1,627.3
2025-08-17 23:00:00+07:00,22.7455,40,10.365251,2.8,418.9
2025-08-18 00:00:00+07:00,22.6955,38,8.049845,2.7,415.1
2025-08-18 01:00:00+07:00,22.4455,41,7.4128532,2.7,402.5
2025-08-18 02:00:00+07:00,21.4455,46,7.653705,2.7,422.4
2025-08-18 03:00:00+07:00,20.7455,49,5.154415,2.5,396.8
2025-08-18 04:00:00+07:00,18.3955,56,7.653705,2.9,413.2
2025-08-18 05:00:00+07:00,17.6955,56,7.289445,3.2,409.1
2025-08-18 06:00:00+07:00,16.7955,62,5.0911684,3.5,394.4
2025-08-18 07:00:00+07:00,15.8955,71,2.0364676,3.4,402.5
2025-08-18 08:00:00+07:00,15.6455,73,3.219938,3.7,405.7
2025-08-18 09:00:00+07:00,15.0955,74,3.2599385,4.2,399.8
2025-08-18 10:00:00+07:00,14.445499,73,3.6179552,4.7,402.1
2025-08-18 11:00:00+07:00,13.9955,76,3.671294,5.4,401.1
2025-08-18 12:00:00+07:00,13.9955,76,3.8773184,5.8,405.9
2025-08-18 13:00:00+07:00,14.7955,71,3.396233,7.1,409.2
2025-08-18 14:00:00+07:00,16.345499,63,4.198285,6.9,415
2025-08-18 15:00:00+07:00,18.0455,60,5.00128,4.4,515.7
2025-08-18 16:00:00+07:00,19.845499,54,3.8773184,3.8,545.5
2025-08-18 17:00:00+07:00,21.2455,47,2.7416782,3.2,784.5
2025-08-18 18:00:00+07:00,22.2455,48,4.1046314,3,756
2025-08-18 19:00:00+07:00,23.4455,46,5.95906,3,841.1
2025-08-18 20:00:00+07:00,23.9955,44,8.350138,2.9,803.4
2025-08-18 21:00:00+07:00,24.345499,41,9.885262,2.9,615.3
2025-08-18 22:00:00+07:00,24.7955,39,6.489992,3,636.5
2025-08-18 23:00:00+07:00,24.2455,39,6.6087217,3.3,627.3
2025-08-19 00:00:00+07:00,23.7455,43,11.183201,3.4,418.9
2025-08-19 01:00:00+07:00,23.2455,46,9.693296,3.4,415.1
2025-08-19 02:00:00+07:00,22.1455,51,7.9932966,4.2,402.5
2025-08-19 03:00:00+07:00,21.1955,54,5.3517847,4.1,422.4
2025-08-19 04:00:00+07:00,20.1455,62,4.8433046,4.2,396.8
2025-08-19 05:00:00+07:00,19.4955,66,4.1046314,4.2,413.2
2025-08-19 06:00:00+07:00,18.7955,69,4.3349743,4.3,409.1
2025-08-19 07:00:00+07:00,17.7455,77,4.072935,4.7,394.4
2025-08-19 08:00:00+07:00,17.345499,79,3.319036,4.8,402.5
2025-08-19 09:00:00+07:00,16.845499,79,4.198285,5.2,405.7
2025-08-19 10:00:00+07:00,15.4955,89,3.7064266,5.6,399.8
2025-08-19 11:00:00+07:00,15.2455,84,3.219938,6,402.1
2025-08-19 12:00:00+07:00,15.3455,81,3.4152596,6.6,401.1
2025-08-19 13:00:00+07:00,16.4955,72,2.2768397,8.2,405.9
2025-08-19 14:00:00+07:00,18.1955,65,2.968636,7.8,409.2
2025-08-19 15:00:00+07:00,20.0455,57,4.379589,6.7,415
2025-08-19 16:00:00+07:00,22.095499,48,5.0528407,5.8,515.7
2025-08-19 17:00:00+07:00,23.1455,47,6.2145634,5.8,545.5
2025-08-19 18:00:00+07:00,24.1455,45,6.130579,6,784.5
2025-08-19 19:00:00+07:00,25.0455,41,4.73506,6.2,756
2025-08-19 20:00:00+07:00,25.845499,37,5.5887027,6.4,841.1
2025-08-19 21:00:00+07:00,26.2955,35,5.154415,6.8,803.4
2025-08-19 22:00:00+07:00,26.7455,35,4.5536795,7.2,615.3
2025-08-19 23:00:00+07:00,26.7455,36,5.8048253,7.4,636.5
2025-08-20 00:00:00+07:00,26.1955,37,4.379589,7,627.3
2025-08-20 01:00:00+07:00,26.095499,34,5.3517847,6.2,418.9
2025-08-20 02:00:00+07:00,25.2955,38,1.835647,6.2,415.1
2025-08-20 03:00:00+07:00,24.1455,40,2.9024127,7.7,402.5
2025-08-20 04:00:00+07:00,22.4455,57,2.9024127,9.4,422.4
2025-08-20 05:00:00+07:00,21.3955,65,3.2399998,9,396.8
2025-08-20 06:00:00+07:00,21.2955,60,3.8268526,10.6,396.8
2025-08-20 07:00:00+07:00,18.6955,71,8.647496,8.6,413.2
2025-08-20 08:00:00+07:00,17.3955,78,8.473393,7.5,409.1
2025-08-20 09:00:00+07:00,16.8955,80,6.130579,7.9,394.4
2025-08-20 10:00:00+07:00,16.4955,81,6.638072,8.3,402.5
2025-08-20 11:00:00+07:00,16.2455,84,6.9247384,8,405.7
2025-08-20 12:00:00+07:00,16.1455,86,8.4963045,7.6,399.8
2025-08-20 13:00:00+07:00,15.695499,90,9.565437,8,402.1
2025-08-20 14:00:00+07:00,17.0455,81,9.449572,8.4,401.1
2025-08-20 15:00:00+07:00,18.4955,71,8.12197,6.8,405.9
2025-08-20 16:00:00+07:00,19.2455,68,8.647496,6.1,409.2
2025-08-20 17:00:00+07:00,20.6455,61,8.089993,6,415
2025-08-20 18:00:00+07:00,21.845499,57,5.6920996,5.8,515.7
2025-08-20 19:00:00+07:00,22.8955,50,7.4128532,5.8,545.5
2025-08-20 20:00:00+07:00,23.7955,45,7.754637,5.8,784.5
2025-08-20 21:00:00+07:00,23.9955,45,9.511088,5.3,756
2025-08-20 22:00:00+07:00,23.3955,52,12.979984,5.2,841.1
2025-08-20 23:00:00+07:00,24.0455,43,9.793059,4.6,803.4
2025-08-21 00:00:00+07:00,22.1955,52,14.4,3.8,615.3
2025-08-21 01:00:00+07:00,21.095499,50,15.379206,3.2,636.5
2025-08-21 02:00:00+07:00,19.2955,53,14.693999,3,627.3
2025-08-21 03:00:00+07:00,17.7455,55,12.979984,2.7,418.9
2025-08-21 04:00:00+07:00,17.095499,55,11.885453,2.6,415.1
2025-08-21 05:00:00+07:00,16.1455,58,9.686609,2.5,402.5
2025-08-21 06:00:00+07:00,15.4955,62,9.387651,2.6,422.4
2025-08-21 07:00:00+07:00,14.5455,69,7.7879906,2.6,396.8
2025-08-21 08:00:00+07:00,14.0455,71,6.792466,2.6,413.2
2025-08-21 09:00:00+07:00,13.2955,73,7.5685663,2.6,409.1
2025-08-21 10:00:00+07:00,12.0955,75,7.5685663,2.7,394.4
2025-08-21 11:00:00+07:00,11.5455,77,6.489992,2.8,402.5
2025-08-21 12:00:00+07:00,11.445499,78,5.3999996,3.8,405.7
2025-08-21 13:00:00+07:00,12.5455,78,4.896529,5.5,399.8
2025-08-21 14:00:00+07:00,14.0955,74,4.39436,5.9,402.1
2025-08-21 15:00:00+07:00,16.1955,68,3.319036,5.4,401.1
2025-08-21 16:00:00+07:00,18.4455,58,6.0347,4.9,405.9
2025-08-21 17:00:00+07:00,19.9955,54,5.937272,4.3,409.2
2025-08-21 18:00:00+07:00,21.4455,48,5.6920996,4,415
2025-08-21 19:00:00+07:00,22.8955,40,5.904439,3.3,515.7
2025-08-21 20:00:00+07:00,23.4455,35,8.913181,3.3,545.5
2025-08-21 21:00:00+07:00,23.595499,35,10.383987,3.3,784.5
2025-08-21 22:00:00+07:00,23.8955,29,10.315115,2.8,756
2025-08-21 23:00:00+07:00,23.2455,33,14.081477,2.9,841.1
2025-08-22 00:00:00+07:00,22.3955,33,14.799459,2.8,803.4
2025-08-22 01:00:00+07:00,21.5455,32,12.245293,3.2,615.3
2025-08-22 02:00:00+07:00,19.3955,47,13.324863,3.7,636.5
2025-08-22 03:00:00+07:00,17.7455,56,14.4,3.7,627.3
2025-08-22 04:00:00+07:00,16.9455,57,11.165805,3.3,418.9
2025-08-22 05:00:00+07:00,16.1955,60,8.049845,3.4,415.1
2025-08-22 06:00:00+07:00,15.695499,61,7.10031,3.7,402.5
2025-08-22 07:00:00+07:00,14.695499,68,7.2,4,422.4
2025-08-22 08:00:00+07:00,14.0455,65,7.9036193,3.9,396.8
2025-08-22 09:00:00+07:00,13.0455,72,8.557102,3.8,413.2
2025-08-22 10:00:00+07:00,12.445499,73,9.255571,3.7,409.1
2025-08-22 11:00:00+07:00,11.7955,76,9.47012,3.8,394.4
2025-08-22 12:00:00+07:00,11.445499,79,10.495713,4.5,402.5
2025-08-22 13:00:00+07:00,11.695499,81,10.853866,5.2,405.7
2025-08-22 14:00:00+07:00,12.7955,77,10.308831,5.4,399.8
2025-08-22 15:00:00+07:00,14.8455,70,10.661107,4.3,402.1
2025-08-22 16:00:00+07:00,16.9455,59,11.923557,3.2,401.1
2025-08-22 17:00:00+07:00,18.1455,49,16.267857,2.9,405.9
2025-08-22 18:00:00+07:00,18.845499,41,16.279802,2.9,409.2
2025-08-22 19:00:00+07:00,19.1455,39,19.171478,2.8,415
2025-08-22 20:00:00+07:00,18.845499,40,17.072504,2.9,515.7
2025-08-22 21:00:00+07:00,18.7955,42,19.486609,3.4,545.5
2025-08-22 22:00:00+07:00,18.3955,48,16.746773,3.6,784.5
2025-08-22 23:00:00+07:00,18.4955,46,15.617529,3.7,756
2025-08-23 00:00:00+07:00,18.0455,49,14.345898,3.4,841.1
2025-08-23 01:00:00+07:00,17.0455,55,15.629971,4,803.4
2025-08-23 02:00:00+07:00,16.2955,57,12.72283,4.4,615.3
2025-08-23 03:00:00+07:00,16.0455,58,12.522619,3.7,636.5
2025-08-23 04:00:00+07:00,15.695499,61,12.313893,3.2,627.3
2025-08-23 05:00:00+07:00,15.2955,64,12.429127,3.2,418.9
2025-08-23 06:00:00+07:00,14.6455,65,13.138765,3.3,415.1
2025-08-23 07:00:00+07:00,14.445499,67,14.044615,3,402.5
2025-08-23 08:00:00+07:00,14.0455,69,14.113653,2.9,422.4
2025-08-23 09:00:00+07:00,13.7955,71,13.039754,3,396.8
2025-08-23 10:00:00+07:00,13.5455,71,13.039754,2.9,413.2
2025-08-23 11:00:00+07:00,13.1455,73,14.799459,3.2,409.1
2025-08-23 12:00:00+07:00,12.9955,73,14.404499,3.4,394.4
2025-08-23 13:00:00+07:00,13.1455,75,15.137133,3.6,402.5
2025-08-23 14:00:00+07:00,13.5955,71,15.496736,3.3,405.7
2025-08-23 15:00:00+07:00,14.195499,67,17.015474,3.1,399.8
2025-08-23 16:00:00+07:00,15.0455,60,17.902534,3.1,402.1
2025-08-23 17:00:00+07:00,16.0455,56,18.161278,3.2,401.1
2025-08-23 18:00:00+07:00,16.595499,51,24.315327,3.3,405.9
2025-08-23 19:00:00+07:00,14.445499,60,17.698677,3.3,409.2
2025-08-23 20:00:00+07:00,15.5455,52,15.580141,2.8,415
2025-08-23 21:00:00+07:00,15.3955,43,14.799459,2.6,515.7
2025-08-23 22:00:00+07:00,15.2955,49,14.512064,2.2,545.5
2025-08-23 23:00:00+07:00,15.7955,57,14.186923,1.6,784.5
2025-08-24 00:00:00+07:00,15.8955,56,13.584932,1.6,756
2025-08-24 01:00:00+07:00,15.8455,57,10.805998,1.7,841.1
2025-08-24 02:00:00+07:00,15.0455,60,8.557102,1.9,803.4
2025-08-24 03:00:00+07:00,14.1455,61,8.427383,2.2,615.3
2025-08-24 04:00:00+07:00,12.7955,65,9.565437,2.4,636.5
2025-08-24 05:00:00+07:00,12.0455,70,8.311245,2.3,627.3
2025-08-24 06:00:00+07:00,11.5955,72,8.12197,2.3,418.9
2025-08-24 07:00:00+07:00,11.0955,73,7.5685663,2.4,415.1
2025-08-24 08:00:00+07:00,10.9955,70,6.8399997,2.6,402.5
2025-08-24 09:00:00+07:00,10.6455,78,7.2359104,3,422.4
2025-08-24 10:00:00+07:00,10.1455,85,8.669949,3,396.8
2025-08-24 11:00:00+07:00,9.6455,87,9.114471,3.3,413.2
2025-08-24 12:00:00+07:00,9.5455,88,9.028754,4.4,409.1
2025-08-24 13:00:00+07:00,10.2955,85,9.726665,5.3,394.4
2025-08-24 14:00:00+07:00,11.7455,79,11.901798,4.8,402.5
2025-08-24 15:00:00+07:00,13.5455,74,13.084402,3.7,405.7
2025-08-24 16:00:00+07:00,15.4955,60,15.725037,2.9,399.8
2025-08-24 17:00:00+07:00,17.1955,45,17.238699,2.2,402.1
2025-08-24 18:00:00+07:00,17.7955,42,17.58481,2.1,401.1
2025-08-24 19:00:00+07:00,18.7955,39,15.716793,2,405.9
2025-08-24 20:00:00+07:00,19.5455,37,15.990646,2.4,409.2
2025-08-24 21:00:00+07:00,18.7955,42,12.413477,2.5,415
2025-08-24 22:00:00+07:00,18.845499,48,14.113653,2.8,515.7
2025-08-24 23:00:00+07:00,18.0455,49,13.797912,3,545.5
2025-08-25 00:00:00+07:00,17.845499,53,12.371645,3.3,784.5
2025-08-25 01:00:00+07:00,17.6455,54,13.627795,3.3,756
2025-08-25 02:00:00+07:00,16.9455,56,10.587917,3.5,841.1
2025-08-25 03:00:00+07:00,16.0455,62,9.72,3.6,803.4
2025-08-25 04:00:00+07:00,15.3455,64,9.779817,3.5,615.3
2025-08-25 05:00:00+07:00,14.445499,68,9.0645685,3.6,636.5
2025-08-25 06:00:00+07:00,13.7455,70,8.707238,3.5,627.3
2025-08-25 07:00:00+07:00,13.0955,73,8.707238,3.6,418.9
2025-08-25 08:00:00+07:00,12.445499,75,8.707238,3.4,415.1
2025-08-25 09:00:00+07:00,11.7955,78,9.007196,3.7,402.5
2025-08-25 10:00:00+07:00,11.3455,79,8.669949,4.4,422.4
2025-08-25 11:00:00+07:00,11.2455,80,9.028754,5,396.8
2025-08-25 12:00:00+07:00,11.5955,78,8.089993,4.5,396.8
2025-08-25 13:00:00+07:00,12.1455,80,9.3876505,5.7,413.2
2025-08-25 14:00:00+07:00,12.5455,79,8.647496,4.5,409.1
2025-08-25 15:00:00+07:00,13.2955,77,9.449572,3.2,394.4
2025-08-25 16:00:00+07:00,14.945499,69,12.324414,3,402.5
2025-08-25 17:00:00+07:00,15.445499,65,12.371645,3.2,405.7
2025-08-25 18:00:00+07:00,16.9455,57,14.458382,3.4,399.8
2025-08-25 19:00:00+07:00,17.5455,54,14.241629,3.4,402.1
2025-08-25 20:00:00+07:00,18.6955,47,14.934577,3.3,401.1
2025-08-25 21:00:00+07:00,19.095499,47,15.725037,3.2,405.9
2025-08-25 22:00:00+07:00,19.4455,44,13.202726,3.7,409.2
2025-08-25 23:00:00+07:00,19.845499,42,11.792404,3.3,415
2025-08-26 00:00:00+07:00,19.595499,44,11.298495,3.7,515.7
2025-08-26 01:00:00+07:00,18.9455,48,5.154415,3.8,545.5
2025-08-26 02:00:00+07:00,18.2955,51,2.5455842,5,784.5
2025-08-26 03:00:00+07:00,17.595499,54,2.16,5.7,756
2025-08-26 04:00:00+07:00,15.7955,68,3.096837,5.7,841.1
2025-08-26 05:00:00+07:00,15.195499,75,3.096837,5.5,803.4
2025-08-26 06:00:00+07:00,14.4955,79,4.0249224,5.7,615.3
2025-08-26 07:00:00+07:00,12.7955,87,3.8773184,4.5,636.5
2025-08-26 08:00:00+07:00,12.695499,78,5.692099,4.7,627.3
2025-08-26 09:00:00+07:00,12.2955,76,5.495161,4.9,418.9
2025-08-26 10:00:00+07:00,11.695499,80,2.9024127,5.1,415.1
2025-08-26 11:00:00+07:00,11.2955,81,4.6938252,5.3,402.5
2025-08-26 12:00:00+07:00,11.0455,82,5.154415,6.6,422.4
2025-08-26 13:00:00+07:00,11.945499,83,5.8048253,7.5,396.8
2025-08-26 14:00:00+07:00,13.2455,79,7.342588,7.1,413.2
2025-08-26 15:00:00+07:00,14.8455,75,6.638072,6.8,409.1
2025-08-26 16:00:00+07:00,17.1955,64,8.669949,4.8,394.4
2025-08-26 17:00:00+07:00,18.5455,56,9.114471,4.3,402.5
2025-08-26 18:00:00+07:00,19.4955,51,8.049845,4.5,405.7
2025-08-26 19:00:00+07:00,20.345499,46,6.130579,4.6,399.8
2025-08-26 20:00:00+07:00,20.9455,44,6.638072,4.8,402.1
2025-08-26 21:00:00+07:00,21.4955,38,5.3517847,5,401.1
2025-08-26 22:00:00+07:00,22.1455,39,4.1046314,5.2,405.9
2025-08-26 23:00:00+07:00,22.2955,40,2.5455842,5.5,409.2
2025-08-27 00:00:00+07:00,22.1455,39,4.2136917,5.5,415
2025-08-27 01:00:00+07:00,21.6955,41,4.3498964,6.9,515.7
2025-08-27 02:00:00+07:00,20.2955,43,7.928178,6.8,545.5
2025-08-27 03:00:00+07:00,19.1955,51,7.072878,6.6,784.5
2025-08-27 04:00:00+07:00,18.0455,63,7.729527,6.5,756
2025-08-27 05:00:00+07:00,16.9955,66,7.8954163,6.5,841.1
2025-08-27 06:00:00+07:00,16.345499,68,8.0899935,6.4,803.4
2025-08-27 07:00:00+07:00,15.945499,67,8.39657,5.7,615.3
2025-08-27 08:00:00+07:00,15.8455,65,7.4128532,5.8,636.5
2025-08-27 09:00:00+07:00,15.695499,65,8.14587,5.9,627.3
2025-08-27 10:00:00+07:00,15.6455,66,8.049845,6.3,418.9
2025-08-27 11:00:00+07:00,15.3455,66,8.427383,7,415.1
2025-08-27 12:00:00+07:00,15.0955,67,10.883676,7.6,402.5
2025-08-27 13:00:00+07:00,15.945499,64,9.957108,7.7,422.4
2025-08-27 14:00:00+07:00,17.0455,62,9.931042,7.4,396.8
2025-08-27 15:00:00+07:00,18.5455,60,9.449572,7.3,413.2
2025-08-27 16:00:00+07:00,20.0455,55,9.931042,6.9,409.1
2025-08-27 17:00:00+07:00,21.7955,52,10.799999,7.7,394.4
2025-08-27 18:00:00+07:00,23.7955,48,12.768586,8.4,402.5
2025-08-27 19:00:00+07:00,25.6455,47,10.365251,8.5,405.7
2025-08-27 20:00:00+07:00,27.2955,48,13.138765,8.7,399.8
2025-08-27 21:00:00+07:00,28.7455,41,11.384199,9.2,402.1
2025-08-27 22:00:00+07:00,29.1955,38,10.464797,9.4,401.1
2025-08-27 23:00:00+07:00,29.2455,36,8.913181,10.3,405.9
2025-08-28 00:00:00+07:00,28.5455,33,7.5599995,10.6,409.2
2025-08-28 01:00:00+07:00,27.4955,37,3.4152596,11.1,415
2025-08-28 02:00:00+07:00,26.1955,43,3.5455887,12.1,515.7
2025-08-28 03:00:00+07:00,23.595499,62,6.0347,11.6,545.5
2025-08-28 04:00:00+07:00,22.6955,68,7.42159,11.9,784.5
2025-08-28 05:00:00+07:00,21.9455,70,7.7043357,12.1,756
2025-08-28 06:00:00+07:00,21.4955,73,10.829959,11.6,841.1
2025-08-28 07:00:00+07:00,19.0455,86,1.9386592,11.1,803.4
2025-08-28 08:00:00+07:00,19.345499,85,4.39436,10.5,615.3
2025-08-28 09:00:00+07:00,19.0455,89,5.634891,10.1,636.5
2025-08-28 10:00:00+07:00,18.4455,94,6.519877,9.2,627.3
2025-08-28 11:00:00+07:00,18.1455,94,5.692099,8.7,418.9
2025-08-28 12:00:00+07:00,18.1455,93,5.3999996,11.8,415.1
2025-08-28 13:00:00+07:00,18.595499,89,5.1165614,13.6,402.5
2025-08-28 14:00:00+07:00,19.4955,84,6.638072,14,422.4
2025-08-28 15:00:00+07:00,20.2955,81,3.8268526,12.2,396.8
2025-08-28 16:00:00+07:00,20.7455,80,1.8,11.6,413.2
2025-08-28 17:00:00+07:00,20.8955,83,6.379216,11.2,409.1
2025-08-28 18:00:00+07:00,20.1955,90,8.217153,11.1,394.4
2025-08-28 19:00:00+07:00,20.4455,89,7.9036193,11.6,402.5
2025-08-28 20:00:00+07:00,21.2955,84,4.452954,10.3,405.7
2025-08-28 21:00:00+07:00,22.0455,78,4.5820518,9.1,399.8
2025-08-28 22:00:00+07:00,21.2455,80,4.6938252,8.6,402.1
2025-08-28 23:00:00+07:00,20.6455,84,5.8048253,8.4,401.1
2025-08-29 00:00:00+07:00,20.2455,87,4.1046314,8,405.9
2025-08-29 01:00:00+07:00,20.0455,87,5.8603754,6.6,409.2
2025-08-29 02:00:00+07:00,19.595499,91,4.829907,6.5,415
2025-08-29 03:00:00+07:00,19.345499,93,5.506941,5.6,515.7
2025-08-29 04:00:00+07:00,19.1455,95,6.439876,8.7,545.5
2025-08-29 05:00:00+07:00,18.845499,95,6.28713,7.7,784.5
2025-08-29 06:00:00+07:00,18.595499,95,6.0347,8.7,756
2025-08-29 07:00:00+07:00,18.5455,97,5.0142193,8.7,841.1
2025-08-29 08:00:00+07:00,18.2955,98,3.219938,8.7,803.4
2025-08-29 09:00:00+07:00,18.1955,98,3.8939953,9.1,615.3
2025-08-29 10:00:00+07:00,18.095499,99,5.315336,9.7,636.5
2025-08-29 11:00:00+07:00,18.0455,98,2.1897945,9.3,627.3
2025-08-29 12:00:00+07:00,17.9455,98,4.0249224,10.4,418.9
2025-08-29 13:00:00+07:00,18.2455,95,3.6,11.3,415.1
2025-08-29 14:00:00+07:00,18.6455,92,2.9024127,11.1,402.5
2025-08-29 15:00:00+07:00,18.7455,86,4.6800003,9.1,422.4
2025-08-29 16:00:00+07:00,18.9955,85,3.319036,8.4,396.8
2025-08-29 17:00:00+07:00,19.095499,86,7.208994,9.3,413.2
2025-08-29 18:00:00+07:00,19.095499,86,6.8399997,8.5,409.1
2025-08-29 19:00:00+07:00,18.9455,86,4.896529,8,394.4
2025-08-29 20:00:00+07:00,19.4955,82,4.3349743,7.8,402.5
2025-08-29 21:00:00+07:00,20.1455,77,4.6102495,7.2,405.7
2025-08-29 22:00:00+07:00,21.345499,71,5.8048253,6.7,399.8
2025-08-29 23:00:00+07:00,21.1455,74,6.0347,8.3,402.1
2025-08-30 00:00:00+07:00,20.9455,74,5.6233797,7.7,401.1
2025-08-30 01:00:00+07:00,20.3955,78,5.1544156,6.9,405.9
2025-08-30 02:00:00+07:00,19.6455,85,4.3349743,7.4,409.2
2025-08-30 03:00:00+07:00,18.9955,89,5.692099,7.9,415
2025-08-30 04:00:00+07:00,17.8955,95,5.1919937,7.7,515.7
2025-08-30 05:00:00+07:00,17.345499,96,4.8965297,7.4,545.5
2025-08-30 06:00:00+07:00,16.845499,96,3.319036,6.9,784.5
2025-08-30 07:00:00+07:00,15.8455,100,3.7064266,7.6,756
2025-08-30 08:00:00+07:00,15.5955,100,2.0991426,8,841.1
2025-08-30 09:00:00+07:00,15.445499,100,3.8939953,9,803.4
2025-08-30 10:00:00+07:00,15.5455,99,6.638072,9.8,615.3
2025-08-30 11:00:00+07:00,15.2955,100,4.379589,9.6,636.5
2025-08-30 12:00:00+07:00,15.4955,98,3.8939953,10.6,627.3
2025-08-30 13:00:00+07:00,16.2955,97,3.319036,12.6,418.9
2025-08-30 14:00:00+07:00,17.2955,91,4.198285,12.4,415.1
2025-08-30 15:00:00+07:00,18.9455,78,6.763786,9.6,402.5
2025-08-30 16:00:00+07:00,20.1955,70,9.531505,8.3,422.4
2025-08-30 17:00:00+07:00,20.7455,69,9.885262,6.9,396.8
2025-08-30 18:00:00+07:00,21.3955,64,10.182337,6.1,413.2
2025-08-30 19:00:00+07:00,22.845499,55,10.829958,5.4,409.1
2025-08-30 20:00:00+07:00,22.9955,56,10.483357,4.6,394.4
2025-08-30 21:00:00+07:00,23.095499,55,10.239453,3.8,402.5
2025-08-30 22:00:00+07:00,23.2955,52,8.209263,3.5,405.7
2025-08-30 23:00:00+07:00,23.1455,55,8.473393,3.7,399.8
2025-08-31 00:00:00+07:00,22.7955,53,7.2805495,4,402.1
2025-08-31 01:00:00+07:00,22.1455,54,3.8268526,4.5,401.1
2025-08-31 02:00:00+07:00,21.595499,58,2.5959969,5,405.9
2025-08-31 03:00:00+07:00,20.6455,63,3.6,5.6,409.2
2025-08-31 04:00:00+07:00,18.7955,81,4.379589,6.9,415
2025-08-31 05:00:00+07:00,17.9955,82,3.6,7.4,515.7
2025-08-31 06:00:00+07:00,17.345499,81,3.0547013,7.2,545.5
2025-08-31 07:00:00+07:00,15.7955,89,2.7416782,6.9,784.5
2025-08-31 08:00:00+07:00,15.445499,87,2.3051248,6.8,756
2025-08-31 09:00:00+07:00,14.7955,90,3.319036,7,841.1
2025-08-31 10:00:00+07:00,14.2455,92,3.096837,7.7,803.4
2025-08-31 11:00:00+07:00,13.9955,90,3.563818,7.7,615.3
2025-08-31 12:00:00+07:00,13.7955,89,4.379589,8.5,636.5
2025-08-31 13:00:00+07:00,14.4955,86,4.6938252,8.9,627.3
2025-08-31 14:00:00+07:00,16.1955,78,5.937272,8,418.9
2025-08-31 15:00:00+07:00,18.3955,72,5.8048253,7.4,415.1
2025-08-31 16:00:00+07:00,20.7955,62,5.4119864,5.2,402.5
2025-08-31 17:00:00+07:00,22.5455,55,6.849467,4.6,422.4
2025-08-31 18:00:00+07:00,23.6455,52,7.9932976,4,396.8
2025-08-31 19:00:00+07:00,24.4955,45,9.028754,3.8,413.2
2025-08-31 20:00:00+07:00,24.9955,41,9.0645685,3.7,409.1
2025-08-31 21:00:00+07:00,25.2455,39,9.178235,3.6,394.4
2025-08-31 22:00:00+07:00,25.595499,36,9.028754,3.6,402.5
2025-08-31 23:00:00+07:00,25.7455,35,6.28713,4,405.7
2025-09-01 00:00:00+07:00,25.1455,37,8.435069,4.4,399.8
2025-09-01 01:00:00+07:00,24.2455,41,5.991594,4.8,402.1
2025-09-01 02:00:00+07:00,22.3955,52,6.489992,5,401.1
2025-09-01 03:00:00+07:00,21.095499,55,7.172949,5,405.9
2025-09-01 04:00:00+07:00,19.7455,69,7.24486,5,409.2
2025-09-01 05:00:00+07:00,18.9455,70,7.8954163,5.3,415
2025-09-01 06:00:00+07:00,18.2455,70,7.729527,5.7,515.7
2025-09-01 07:00:00+07:00,17.345499,73,6.489992,7.2,545.5
2025-09-01 08:00:00+07:00,16.8955,75,6.4096174,7.8,784.5
2025-09-01 09:00:00+07:00,16.4455,78,8.049845,8.2,756
2025-09-01 10:00:00+07:00,15.7955,75,8.766573,8.6,841.1
2025-09-01 11:00:00+07:00,15.2455,79,8.225035,8.9,803.4
2025-09-01 12:00:00+07:00,14.8955,83,8.557102,9.3,615.3
2025-09-01 13:00:00+07:00,15.8455,81,7.10031,10.1,636.5
2025-09-01 14:00:00+07:00,18.0455,74,7.9932966,8.5,627.3
2025-09-01 15:00:00+07:00,20.4955,67,9.178235,7.7,418.9
2025-09-01 16:00:00+07:00,23.0455,58,11.212135,7,415.1
2025-09-01 17:00:00+07:00,24.6955,51,12.031756,7.2,402.5
2025-09-01 18:00:00+07:00,25.595499,48,12.682018,7.5,422.4
2025-09-01 19:00:00+07:00,26.2955,44,12.864649,7.7,396.8
2025-09-01 20:00:00+07:00,27.1455,40,9.346143,7.7,413.2
2025-09-01 21:00:00+07:00,27.4455,37,11.113451,7.9,409.1
2025-09-01 22:00:00+07:00,27.2955,40,8.64,7.7,394.4
2025-09-01 23:00:00+07:00,26.9955,40,8.350138,7.5,402.5
2025-09-02 00:00:00+07:00,26.4955,43,7.5685663,7.4,405.7
2025-09-02 01:00:00+07:00,25.6455,48,11.874544,7.4,399.8
2025-09-02 02:00:00+07:00,22.1455,60,10.799999,8,402.1
2025-09-02 03:00:00+07:00,21.345499,65,7.729527,9,401.1
2025-09-02 04:00:00+07:00,20.6955,69,8.766573,9.5,405.9
2025-09-02 05:00:00+07:00,19.595499,78,9.605998,9.5,409.2
2025-09-02 06:00:00+07:00,18.7955,83,8.534353,9.6,415
2025-09-02 07:00:00+07:00,18.595499,86,6.297428,8.5,515.7
2025-09-02 08:00:00+07:00,18.3955,87,3.7064266,9.6,545.5
2025-09-02 09:00:00+07:00,18.1455,88,6.489992,8,784.5
2025-09-02 10:00:00+07:00,17.845499,90,5.4477882,8.3,756
2025-09-02 11:00:00+07:00,17.6955,90,4.68,7.9,841.1
2025-09-02 12:00:00+07:00,17.3955,91,5.771239,7.3,803.4
2025-09-02 13:00:00+07:00,17.0455,93,6.12,7.8,615.3
2025-09-02 14:00:00+07:00,17.2455,90,5.6920996,7.9,636.5
2025-09-02 15:00:00+07:00,17.6455,89,5.4477882,8.4,627.3
2025-09-02 16:00:00+07:00,17.345499,84,4.8965297,8.6,418.9
2025-09-02 17:00:00+07:00,17.1955,83,4.896529,7.4,415.1
2025-09-02 18:00:00+07:00,17.7455,82,2.9024127,6.7,402.5
2025-09-02 19:00:00+07:00,18.4955,79,3.6,6.4,422.4
2025-09-02 20:00:00+07:00,20.345499,67,4.8433046,5.1,396.8
2025-09-02 21:00:00+07:00,20.9955,65,6.9527545,5.1,413.2
2025-09-02 22:00:00+07:00,20.5455,75,7.968939,5.2,409.1
2025-09-02 23:00:00+07:00,20.8955,72,8.707238,5.2,394.4
2025-09-03 00:00:00+07:00,20.595499,74,8.557102,5.3,402.5
2025-09-03 01:00:00+07:00,19.9955,79,8.311245,6.1,405.7
2025-09-03 02:00:00+07:00,19.1455,84,7.754637,7.1,399.8
2025-09-03 03:00:00+07:00,18.6455,87,9.346143,8.3,402.1
2025-09-03 04:00:00+07:00,18.0455,91,8.669949,8.9,401.1
2025-09-03 05:00:00+07:00,18.0455,84,6.924738,9,405.9
2025-09-03 06:00:00+07:00,17.4955,83,5.8048253,9.2,409.2
2025-09-03 07:00:00+07:00,16.6455,85,4.8433046,10,415
2025-09-03 08:00:00+07:00,16.0455,87,6.193674,9.6,515.7
2025-09-03 09:00:00+07:00,15.6455,87,4.829907,9.2,545.5
2025-09-03 10:00:00+07:00,14.8455,88,5.0911684,8.7,784.5
2025-09-03 11:00:00+07:00,14.2955,90,5.4119864,8.4,756
2025-09-03 12:00:00+07:00,14.0455,89,5.4119864,9.9,841.1
2025-09-03 13:00:00+07:00,14.5455,86,5.771239,10.8,803.4
2025-09-03 14:00:00+07:00,15.945499,82,7.2,9.5,615.3
2025-09-03 15:00:00+07:00,18.1455,76,10.182337,7.5,636.5
2025-09-03 16:00:00+07:00,20.3955,67,11.720751,6.3,627.3
2025-09-03 17:00:00+07:00,21.9955,59,12.303366,5.2,418.9
2025-09-03 18:00:00+07:00,23.2455,52,15.84,4.9,415.1
2025-09-03 19:00:00+07:00,23.5455,46,14.917212,4.2,402.5
2025-09-03 20:00:00+07:00,24.0455,46,13.339445,4.5,422.4
2025-09-03 21:00:00+07:00,23.9955,49,15.141414,4.7,396.8
2025-09-03 22:00:00+07:00,24.345499,46,17.651016,4.8,413.2
2025-09-03 23:00:00+07:00,23.8955,51,11.966953,5,409.1
2025-09-04 00:00:00+07:00,23.5455,52,9.746631,5.1,394.4
2025-09-04 01:00:00+07:00,22.5455,56,8.557102,5.4,402.5
2025-09-04 02:00:00+07:00,21.4455,62,7.172949,5.5,405.7
2025-09-04 03:00:00+07:00,20.7955,61,8.209263,5.4,399.8
2025-09-04 04:00:00+07:00,19.6455,68,8.311245,5.6,402.1
2025-09-04 05:00:00+07:00,19.0455,69,8.707238,5.6,401.1
2025-09-04 06:00:00+07:00,18.4455,72,7.928178,5.3,405.9
2025-09-04 07:00:00+07:00,17.7455,76,7.5685663,5,409.2
2025-09-04 08:00:00+07:00,17.2955,78,7.771331,5,415
2025-09-04 09:00:00+07:00,17.0455,80,8.311245,5,515.7
2025-09-04 10:00:00+07:00,16.7955,79,7.968939,5.2,545.5
2025-09-04 11:00:00+07:00,16.595499,80,7.8625183,5.8,784.5
2025-09-04 12:00:00+07:00,16.4455,81,7.8954163,7.2,756
2025-09-04 13:00:00+07:00,16.8955,80,8.12197,7.3,841.1
2025-09-04 14:00:00+07:00,18.4455,75,7.208994,7.3,803.4
2025-09-04 15:00:00+07:00,20.7455,68,8.825508,6.9,615.3
2025-09-04 16:00:00+07:00,23.095499,59,7.8625183,7.1,636.5
2025-09-04 17:00:00+07:00,24.7455,53,9.085988,6.6,627.3
2025-09-04 18:00:00+07:00,25.9455,48,9.19939,5.9,418.9
2025-09-04 19:00:00+07:00,26.4955,46,12.7279215,5.9,415.1
2025-09-04 20:00:00+07:00,26.8955,45,11.165805,5.9,402.5
2025-09-04 21:00:00+07:00,27.3955,43,11.503113,5.8,422.4
2025-09-04 22:00:00+07:00,27.4955,43,12.303366,5.9,396.8
2025-09-04 23:00:00+07:00,27.3955,40,10.805998,6.4,413.2
2025-09-05 00:00:00+07:00,26.8955,39,6.638072,6.7,409.1
2025-09-05 01:00:00+07:00,25.5455,52,3.9763298,7.2,394.4
2025-09-05 02:00:00+07:00,24.2455,62,3.8939953,7.2,402.5
2025-09-05 03:00:00+07:00,23.345499,63,4.2136917,7.3,405.7
2025-09-05 04:00:00+07:00,21.9455,76,5.634891,7.5,399.8
2025-09-05 05:00:00+07:00,21.6455,74,4.896529,7.8,402.1
2025-09-05 06:00:00+07:00,21.2955,74,4.6938252,8.8,401.1
2025-09-05 07:00:00+07:00,20.6955,78,7.289444,7.9,405.9
2025-09-05 08:00:00+07:00,20.4455,78,6.696387,7.4,409.2
2025-09-05 09:00:00+07:00,20.0455,76,11.609651,7.1,415
2025-09-05 10:00:00+07:00,18.2955,84,18.733839,5,515.7
2025-09-05 11:00:00+07:00,17.845499,87,11.119281,4.1,545.5
2025-09-05 12:00:00+07:00,17.8955,85,8.287822,4.3,784.5
2025-09-05 13:00:00+07:00,17.8955,86,7.289445,5.8,756
2025-09-05 14:00:00+07:00,17.4955,90,7.7879906,4.9,841.1
2025-09-05 15:00:00+07:00,17.845499,87,9.085988,4.5,803.4
2025-09-05 16:00:00+07:00,18.4955,81,10.630672,4.4,615.3
2025-09-05 17:00:00+07:00,18.9955,78,11.440979,3.9,636.5
2025-09-05 18:00:00+07:00,19.2455,79,9.885262,3.3,627.3
2025-09-05 19:00:00+07:00,18.2455,82,15.328561,3.2,418.9
2025-09-05 20:00:00+07:00,18.7955,74,15.379206,3.8,415.1
2025-09-05 21:00:00+07:00,19.2955,70,10.8955765,3.4,402.5
2025-09-05 22:00:00+07:00,20.4955,65,10.041354,3.2,422.4
2025-09-05 23:00:00+07:00,20.7455,62,10.086427,4.1,396.8
2025-09-06 00:00:00+07:00,20.6955,60,7.9036193,5.6,396.8
2025-09-06 01:00:00+07:00,20.1955,63,4.73506,5.8,413.2
2025-09-06 02:00:00+07:00,19.5455,70,4.6938252,6.1,409.1
2025-09-06 03:00:00+07:00,18.7455,72,5.4477882,6.2,394.4
2025-09-06 04:00:00+07:00,17.4955,76,8.049845,6.3,402.5
2025-09-06 05:00:00+07:00,16.8955,80,7.127636,6.1,405.7
2025-09-06 06:00:00+07:00,16.2955,81,8.209263,5.5,399.8
2025-09-06 07:00:00+07:00,15.5955,82,7.491114,5.4,402.1
2025-09-06 08:00:00+07:00,15.0455,85,8.217153,5.4,401.1
2025-09-06 09:00:00+07:00,14.695499,85,6.763786,5.5,405.9
2025-09-06 10:00:00+07:00,14.3955,88,7.2,5.8,409.2
2025-09-06 11:00:00+07:00,14.1455,87,5.991594,6.2,415
2025-09-06 12:00:00+07:00,13.7955,88,7.42159,6.8,515.7
2025-09-06 13:00:00+07:00,13.7455,87,6.1305785,7.5,545.5
2025-09-06 14:00:00+07:00,14.7455,83,7.289445,7.2,784.5
2025-09-06 15:00:00+07:00,16.2955,78,7.7879906,5.6,756
2025-09-06 16:00:00+07:00,17.9955,70,6.1305785,4.7,841.1
2025-09-06 17:00:00+07:00,19.4455,59,8.669949,4.2,803.4
2025-09-06 18:00:00+07:00,20.1955,54,8.404285,3.8,615.3
2025-09-06 19:00:00+07:00,20.8955,49,7.42159,3.6,636.5
2025-09-06 20:00:00+07:00,21.2455,48,8.14587,3.8,627.3
2025-09-06 21:00:00+07:00,21.345499,49,7.7043357,3.8,418.9
2025-09-06 22:00:00+07:00,21.7955,44,8.854829,3.9,415.1
2025-09-06 23:00:00+07:00,21.7955,42,7.968939,4.3,402.5
2025-09-07 00:00:00+07:00,21.1455,45,6.989936,4.4,422.4
2025-09-07 01:00:00+07:00,20.4955,49,4.6102495,4.7,396.8
2025-09-07 02:00:00+07:00,19.1955,63,4.6800003,6.1,413.2
2025-09-07 03:00:00+07:00,18.1955,68,5.4477882,6.7,409.1
2025-09-07 04:00:00+07:00,17.095499,77,5.4477882,7,394.4
2025-09-07 05:00:00+07:00,16.1955,78,5.6920996,6.5,402.5
2025-09-07 06:00:00+07:00,15.5955,78,5.506941,6.1,405.7
2025-09-07 07:00:00+07:00,14.6455,84,4.6800003,5.7,399.8
2025-09-07 08:00:00+07:00,14.3455,85,3.9763298,5.9,402.1
2025-09-07 09:00:00+07:00,13.9955,86,5.4477882,6.1,401.1
2025-09-07 10:00:00+07:00,12.945499,93,2.9024127,6.9,405.9
2025-09-07 11:00:00+07:00,12.7955,93,5.0911684,7.8,409.2
2025-09-07 12:00:00+07:00,12.3455,94,3.7585104,8.3,415
2025-09-07 13:00:00+07:00,12.695499,93,3.7585104,8.3,515.7
2025-09-07 14:00:00+07:00,14.3455,84,4.3349743,8.7,545.5
2025-09-07 15:00:00+07:00,16.595499,73,6.87779,5.9,784.5
2025-09-07 16:00:00+07:00,19.0455,63,7.5942073,5.5,756
2025-09-07 17:00:00+07:00,20.3955,55,8.707238,5,841.1
2025-09-07 18:00:00+07:00,21.095499,49,7.9526596,4.6,803.4
2025-09-07 19:00:00+07:00,21.7955,45,8.473393,4.1,615.3
2025-09-07 20:00:00+07:00,22.2455,45,8.825508,3.7,636.5
2025-09-07 21:00:00+07:00,22.595499,41,11.269782,3.3,627.3
2025-09-07 22:00:00+07:00,22.4955,39,10.739833,3.5,418.9
2025-09-07 23:00:00+07:00,22.1455,40,10.182337,3.6,415.1
2025-09-08 00:00:00+07:00,21.5455,43,10.182337,3.4,402.5
2025-09-08 01:00:00+07:00,20.9955,47,6.2145634,3.4,422.4
2025-09-08 02:00:00+07:00,19.345499,55,8.766573,3.4,396.8
2025-09-08 03:00:00+07:00,18.095499,65,9.007196,3.3,413.2
2025-09-08 04:00:00+07:00,16.8955,74,9,3.4,409.1
2025-09-08 05:00:00+07:00,16.1955,77,8.28,3.6,394.4
2025-09-08 06:00:00+07:00,15.5455,78,7.9526596,4,402.5
2025-09-08 07:00:00+07:00,14.7455,81,7.342588,4.4,405.7
2025-09-08 08:00:00+07:00,14.2455,82,5.8048253,4.7,399.8
2025-09-08 09:00:00+07:00,13.7955,82,5.1544156,5.1,402.1
2025-09-08 10:00:00+07:00,13.4955,85,6.849467,5.7,401.1
2025-09-08 11:00:00+07:00,13.445499,85,6.489992,6.1,405.9
2025-09-08 12:00:00+07:00,13.195499,86,5.7599998,6.9,409.2
2025-09-08 13:00:00+07:00,13.8455,85,5.771239,7.6,415
2025-09-08 14:00:00+07:00,15.445499,78,8.287822,7.8,515.7
2025-09-08 15:00:00+07:00,17.4955,72,7.928178,6.6,545.5
2025-09-08 16:00:00+07:00,19.4955,66,8.759178,5.6,784.5
2025-09-08 17:00:00+07:00,20.7955,55,10.630672,4.5,756
2025-09-08 18:00:00+07:00,21.4455,52,10.24578,4.5,841.1
2025-09-08 19:00:00+07:00,22.095499,49,8.825508,4.8,803.4
2025-09-08 20:00:00+07:00,22.6955,44,10.24578,4.9,615.3
2025-09-08 21:00:00+07:00,22.4955,47,11.928989,5.1,636.5
2025-09-08 22:00:00+07:00,23.2455,45,9.659814,5.5,627.3
2025-09-08 23:00:00+07:00,22.9455,45,6.638072,5.4,418.9
2025-09-09 00:00:00+07:00,22.345499,48,7.5599995,5.4,415.1
2025-09-09 01:00:00+07:00,21.595499,53,4.73506,5.5,402.5
2025-09-09 02:00:00+07:00,20.5455,60,3.671294,6.1,422.4
2025-09-09 03:00:00+07:00,19.3955,68,4.452954,6.3,396.8
2025-09-09 04:00:00+07:00,17.9955,75,5.506941,6.6,413.2
2025-09-09 05:00:00+07:00,17.345499,80,5.0528407,7,409.1
2025-09-09 06:00:00+07:00,16.7455,85,4.0249224,7.6,394.4
2025-09-09 07:00:00+07:00,15.695499,88,1.8,8.1,402.5
2025-09-09 08:00:00+07:00,15.195499,91,2.6208394,8.7,405.7
2025-09-09 09:00:00+07:00,14.5955,91,4.3349743,9,399.8
2025-09-09 10:00:00+07:00,14.5955,90,4.829907,10.7,402.1
2025-09-09 11:00:00+07:00,14.2455,92,4.8965297,13.5,401.1
2025-09-09 12:00:00+07:00,14.0455,94,3.4152596,14.2,405.9
2025-09-09 13:00:00+07:00,14.445499,90,3.096837,16.8,409.2
2025-09-09 14:00:00+07:00,16.1455,86,4.2136917,16.3,415
2025-09-09 15:00:00+07:00,18.1455,78,5.0911684,16,515.7
2025-09-09 16:00:00+07:00,20.595499,73,4.802999,12.8,545.5
2025-09-09 17:00:00+07:00,22.4455,64,6.9527545,11.3,784.5
2025-09-09 18:00:00+07:00,23.6955,58,9.346143,10.4,756
2025-09-09 19:00:00+07:00,24.6955,50,10.739833,10.7,841.1
2025-09-09 20:00:00+07:00,25.3955,46,11.269782,10.4,803.4
2025-09-09 21:00:00+07:00,25.7955,42,9.107359,10.3,615.3
2025-09-09 22:00:00+07:00,25.3955,44,10.137692,10.9,636.5
2025-09-09 23:00:00+07:00,25.095499,43,10.1376915,11,627.3
2025-09-10 00:00:00+07:00,24.4955,45,9.531505,10.7,418.9
2025-09-10 01:00:00+07:00,23.2955,53,5.937272,10.7,415.1
2025-09-10 02:00:00+07:00,22.1455,60,5.8603754,11,402.5
2025-09-10 03:00:00+07:00,21.1955,63,7.928178,11.4,422.4
2025-09-10 04:00:00+07:00,19.6955,71,6.924738,11.7,396.8
2025-09-10 05:00:00+07:00,19.0455,73,4.3349743,12.3,413.2
2025-09-10 06:00:00+07:00,18.4955,77,2.0991426,13,409.1
2025-09-10 07:00:00+07:00,18.3955,80,2.5455842,14,394.4
2025-09-10 08:00:00+07:00,18.2955,81,4.3349743,14.3,402.5
2025-09-10 09:00:00+07:00,18.095499,84,2.9024127,15.2,405.7
2025-09-10 10:00:00+07:00,17.3955,83,2.3051248,15.5,399.8
2025-09-10 11:00:00+07:00,17.345499,82,1.2979984,15.4,402.1
2025-09-10 12:00:00+07:00,17.2455,83,2.8116899,17.8,401.1
2025-09-10 13:00:00+07:00,17.1955,78,2.5455842,17.7,405.9
2025-09-10 14:00:00+07:00,17.7955,77,4.829907,18.3,409.2
2025-09-10 15:00:00+07:00,18.7455,74,3.2599385,18,415
2025-09-10 16:00:00+07:00,20.3955,71,5.4477882,15.9,515.7
2025-09-10 17:00:00+07:00,21.4955,66,6.792466,14.5,545.5
2025-09-10 18:00:00+07:00,22.2455,63,6.489992,13.5,784.5
2025-09-10 19:00:00+07:00,22.5455,60,8.4042845,12.7,756
2025-09-10 20:00:00+07:00,22.7955,57,9.726665,12.1,841.1
2025-09-10 21:00:00+07:00,22.7455,54,10.446206,11.1,803.4
2025-09-10 22:00:00+07:00,22.3955,57,7.771331,11.1,615.3
2025-09-10 23:00:00+07:00,22.095499,59,6.379216,10.9,636.5
2025-09-11 00:00:00+07:00,21.845499,58,1.8,9.8,627.3
2025-09-11 01:00:00+07:00,21.4455,61,1.2979984,10.1,418.9
2025-09-11 02:00:00+07:00,20.7455,65,6.763786,10.5,415.1
2025-09-11 03:00:00+07:00,19.345499,76,10.24578,11.9,402.5
2025-09-11 04:00:00+07:00,18.2955,75,6.193674,13.2,422.4
2025-09-11 05:00:00+07:00,16.9955,81,8.225035,14.1,396.8
2025-09-11 06:00:00+07:00,16.345499,84,8.089993,14.4,396.8
2025-09-11 07:00:00+07:00,16.5455,83,5.692099,11.8,413.2
2025-09-11 08:00:00+07:00,16.5455,87,4.452954,13.7,409.1
2025-09-11 09:00:00+07:00,16.095499,92,10.464797,13.2,394.4
2025-09-11 10:00:00+07:00,15.7455,93,7.42159,16.6,402.5
2025-09-11 11:00:00+07:00,15.2455,91,5.1165614,17.1,405.7
2025-09-11 12:00:00+07:00,14.3455,89,6.297428,15.5,399.8
2025-09-11 13:00:00+07:00,14.1455,86,8.209263,14.1,402.1
2025-09-11 14:00:00+07:00,14.8455,82,8.913181,12.3,401.1
2025-09-11 15:00:00+07:00,16.4955,76,9.028754,10.4,405.9
2025-09-11 16:00:00+07:00,18.345499,74,9.255571,9.9,409.2
2025-09-11 17:00:00+07:00,20.1955,68,11.620809,8.6,415
2025-09-11 18:00:00+07:00,21.7455,62,15.484185,9.3,515.7
2025-09-11 19:00:00+07:00,22.4455,53,17.148247,6.5,545.5
2025-09-11 20:00:00+07:00,22.4955,55,17.057314,5.5,784.5
2025-09-11 21:00:00+07:00,21.7955,59,14.799459,4.1,756
2025-09-11 22:00:00+07:00,21.9955,61,14.277983,4,841.1
2025-09-11 23:00:00+07:00,21.4455,61,17.782686,3.9,803.4
2025-09-12 00:00:00+07:00,17.2955,80,13.039754,3.9,615.3
2025-09-12 01:00:00+07:00,16.345499,84,11.983188,4.2,636.5
2025-09-12 02:00:00+07:00,16.1955,75,8.891343,4.6,627.3
2025-09-12 03:00:00+07:00,15.7955,81,10.144082,5.6,418.9
2025-09-12 04:00:00+07:00,15.6455,81,11.090103,6,415.1
2025-09-12 05:00:00+07:00,15.7455,77,10.514218,4.8,402.5
2025-09-12 06:00:00+07:00,15.6455,75,10.296251,4.3,422.4
2025-09-12 07:00:00+07:00,14.5455,78,11.113451,4.4,396.8
2025-09-12 08:00:00+07:00,13.8955,77,9.826088,4.6,413.2
2025-09-12 09:00:00+07:00,13.5455,79,9.659814,5,409.1
2025-09-12 10:00:00+07:00,13.0455,82,10.1887,5.2,394.4
2025-09-12 11:00:00+07:00,12.7955,83,8.39657,5.6,402.5
2025-09-12 12:00:00+07:00,12.6455,85,6.379216,6.2,405.7
2025-09-12 13:00:00+07:00,12.9955,85,7.5685663,6.6,399.8
2025-09-12 14:00:00+07:00,13.8955,82,7.2359104,6.2,402.1
2025-09-12 15:00:00+07:00,14.5455,80,8.4042845,5.2,401.1
2025-09-12 16:00:00+07:00,15.695499,78,9,5,405.9
2025-09-12 17:00:00+07:00,17.4455,67,12.074766,4.1,409.2
2025-09-12 18:00:00+07:00,18.845499,61,12.245293,3.8,415
2025-09-12 19:00:00+07:00,18.2455,65,11.681987,3.5,515.7
2025-09-12 20:00:00+07:00,19.345499,59,11.246759,3.5,545.5
2025-09-12 21:00:00+07:00,20.095499,49,12.24,3.4,784.5
2025-09-12 22:00:00+07:00,20.9955,39,14.113652,3.1,756
2025-09-12 23:00:00+07:00,20.7955,39,11.885453,3.5,841.1
2025-09-13 00:00:00+07:00,19.8955,43,12.313894,4.1,803.4
2025-09-13 01:00:00+07:00,18.1455,50,8.404285,4.9,615.3
2025-09-13 02:00:00+07:00,17.0455,59,6.8777895,6.1,636.5
2025-09-13 03:00:00+07:00,15.945499,61,6.3690495,6.7,627.3
2025-09-13 04:00:00+07:00,14.6455,70,5.7599998,6.2,418.9
2025-09-13 05:00:00+07:00,13.695499,74,6.849467,5.8,415.1
2025-09-13 06:00:00+07:00,13.2955,74,5.815978,5.7,402.5
2025-09-13 07:00:00+07:00,12.1455,79,5.3517847,6.1,422.4
2025-09-13 08:00:00+07:00,11.695499,80,5.8048253,6.2,396.8
2025-09-13 09:00:00+07:00,11.445499,80,6.28713,6.7,413.2
2025-09-13 10:00:00+07:00,10.695499,83,5.692099,7.6,409.1
2025-09-13 11:00:00+07:00,10.8955,82,7.10031,8.1,394.4
2025-09-13 12:00:00+07:00,10.5955,85,6.6087217,8.4,402.5
2025-09-13 13:00:00+07:00,10.945499,85,7.2,8.1,405.7
2025-09-13 14:00:00+07:00,12.0455,81,7.289445,7,399.8
2025-09-13 15:00:00+07:00,13.7455,75,7.24486,6.7,402.1
2025-09-13 16:00:00+07:00,16.095499,69,8.373386,6,401.1
2025-09-13 17:00:00+07:00,18.2955,64,9.983106,4.1,405.9
2025-09-13 18:00:00+07:00,20.095499,54,14.372974,3.8,409.2
2025-09-13 19:00:00+07:00,21.4955,46,14.561099,3.7,415
2025-09-13 20:00:00+07:00,21.7955,42,12.496719,4,515.7
2025-09-13 21:00:00+07:00,21.595499,46,12.015589,4.2,545.5
2025-09-13 22:00:00+07:00,20.095499,57,6.696387,4.1,784.5
2025-09-13 23:00:00+07:00,19.9455,60,5.95906,4,756
2025-09-14 00:00:00+07:00,19.6455,68,6.618519,4.2,841.1
2025-09-14 01:00:00+07:00,17.9955,77,6.489992,4.2,803.4
2025-09-14 02:00:00+07:00,17.4455,72,8.373386,4.5,615.3
2025-09-14 03:00:00+07:00,16.4455,74,7.289445,4.9,636.5
2025-09-14 04:00:00+07:00,15.445499,79,7.10031,5.3,627.3
2025-09-14 05:00:00+07:00,14.9955,82,6.6087217,6.5,418.9
2025-09-14 06:00:00+07:00,14.6455,84,6.4096174,6.7,415.1
2025-09-14 07:00:00+07:00,14.695499,86,6.9247384,6.3,402.5
2025-09-14 08:00:00+07:00,15.0455,83,7.5942073,6.1,422.4
2025-09-14 09:00:00+07:00,15.195499,83,8.12197,6,396.8
2025-09-14 10:00:00+07:00,14.9955,85,6.489992,5.7,413.2
2025-09-14 11:00:00+07:00,15.0455,86,6.830519,5.7,409.1
2025-09-14 12:00:00+07:00,14.8955,88,6.489992,6.4,394.4
2025-09-14 13:00:00+07:00,14.8455,88,4.379589,7.1,402.5
2025-09-14 14:00:00+07:00,15.2955,84,7.5942082,7.4,405.7
2025-09-14 15:00:00+07:00,15.5955,81,5.95906,6.5,399.8
2025-09-14 16:00:00+07:00,15.7955,79,9.255571,6.2,402.1
2025-09-14 17:00:00+07:00,16.2455,76,9.746631,4.5,401.1
2025-09-14 18:00:00+07:00,17.595499,67,12.7279215,4.2,405.9
2025-09-14 19:00:00+07:00,18.1455,56,11.928989,4.1,409.2
2025-09-14 20:00:00+07:00,18.6455,54,13.797912,4.2,415
2025-09-14 21:00:00+07:00,18.595499,51,13.797912,4.4,515.7
2025-09-14 22:00:00+07:00,19.4955,44,12.979984,4.3,545.5
2025-09-14 23:00:00+07:00,18.595499,49,11.928989,4.6,784.5
2025-09-15 00:00:00+07:00,17.9455,53,9.114471,5.1,756
2025-09-15 01:00:00+07:00,17.1955,57,6.489992,5.6,841.1
2025-09-15 02:00:00+07:00,16.1455,64,3.8939953,6.4,803.4
2025-09-15 03:00:00+07:00,15.195499,68,3.7064266,6.7,615.3
2025-09-15 04:00:00+07:00,14.0955,76,5.8048253,6.7,636.5
2025-09-15 05:00:00+07:00,13.4955,73,6.0347,6.8,627.3
2025-09-15 06:00:00+07:00,12.8955,74,6.130579,7.3,418.9
2025-09-15 07:00:00+07:00,12.2455,75,6.638072,7.1,415.1
2025-09-15 08:00:00+07:00,12.1455,74,7.928178,6.3,402.5
2025-09-15 09:00:00+07:00,12.0455,78,9.227524,6.2,422.4
2025-09-15 10:00:00+07:00,12.3955,81,9.693296,5.6,396.8
2025-09-15 11:00:00+07:00,12.6455,82,10.163227,4.6,413.2
2025-09-15 12:00:00+07:00,13.1455,82,12.10157,4.9,409.1
2025-09-15 13:00:00+07:00,13.2455,88,14.205182,4.6,394.4
2025-09-15 14:00:00+07:00,13.8955,90,13.32,4,402.5
2025-09-15 15:00:00+07:00,14.9955,90,12.964998,3.8,405.7
2025-09-15 16:00:00+07:00,17.595499,84,13.039754,3.3,399.8
2025-09-15 17:00:00+07:00,19.4955,81,13.896187,3,402.1
2025-09-15 18:00:00+07:00,19.1955,81,11.542478,2.7,401.1
2025-09-15 19:00:00+07:00,18.8955,72,12.181625,2.6,405.9
2025-09-15 20:00:00+07:00,20.4455,66,12.4811535,2.8,409.2
2025-09-15 21:00:00+07:00,21.095499,58,14.494192,3.1,415
2025-09-15 22:00:00+07:00,21.6455,55,12.096214,3.5,515.7
2025-09-15 23:00:00+07:00,21.3955,58,11.246759,3.4,545.5
2025-09-16 00:00:00+07:00,20.4955,68,9.565437,3.5,784.5
2025-09-16 01:00:00+07:00,19.6455,71,7.24486,4,756
2025-09-16 02:00:00+07:00,18.7955,75,6.792466,4.4,841.1
2025-09-16 03:00:00+07:00,18.345499,74,7.771331,4.4,803.4
2025-09-16 04:00:00+07:00,16.845499,76,7.4128532,3.9,615.3
2025-09-16 05:00:00+07:00,16.5455,67,9.422101,3.3,636.5
2025-09-16 06:00:00+07:00,16.845499,60,10.948973,3.2,627.3
2025-09-16 07:00:00+07:00,15.9955,66,10.464797,3.5,418.9
2025-09-16 08:00:00+07:00,15.7955,63,14.799459,3.6,415.1
2025-09-16 09:00:00+07:00,15.7955,59,14.277983,3.8,402.5
2025-09-16 10:00:00+07:00,15.2955,63,13.783817,3.9,422.4
2025-09-16 11:00:00+07:00,15.0455,65,15.580141,3.8,396.8
2025-09-16 12:00:00+07:00,14.7955,65,16.92383,3.7,413.2
2025-09-16 13:00:00+07:00,15.445499,67,18.079027,3.5,409.1
2025-09-16 14:00:00+07:00,15.9955,63,18.35647,3.5,394.4
2025-09-16 15:00:00+07:00,16.845499,58,21.434364,3.6,402.5
2025-09-16 16:00:00+07:00,17.345499,55,24.651457,3.7,405.7
2025-09-16 17:00:00+07:00,17.345499,55,22.657131,3.9,399.8
2025-09-16 18:00:00+07:00,17.0455,58,21.068459,4.1,402.1
2025-09-16 19:00:00+07:00,17.6955,55,22.66857,4.5,401.1
2025-09-16 20:00:00+07:00,17.8955,55,19.93048,4.9,405.9
2025-09-16 21:00:00+07:00,17.8955,53,17.114204,4.1,409.2
2025-09-16 22:00:00+07:00,18.4455,46,19.93048,4.6,415
2025-09-16 23:00:00+07:00,18.2455,47,19.721298,4.2,515.7
2025-09-17 00:00:00+07:00,17.8955,50,19.469975,4,545.5
2025-09-17 01:00:00+07:00,15.6455,67,13.237039,3.4,784.5
2025-09-17 02:00:00+07:00,14.945499,62,18.486622,3.3,756
2025-09-17 03:00:00+07:00,14.0955,64,16.09969,3.2,841.1
2025-09-17 04:00:00+07:00,13.7455,75,16.78156,3.3,803.4
2025-09-17 05:00:00+07:00,13.695499,79,15.141414,3.5,615.3
2025-09-17 06:00:00+07:00,13.6455,81,15.856356,3.2,636.5
2025-09-17 07:00:00+07:00,13.695499,83,16.203999,2.8,627.3
2025-09-17 08:00:00+07:00,13.445499,81,15.905319,2.6,418.9
2025-09-17 09:00:00+07:00,12.945499,83,15.03835,2.8,415.1
2025-09-17 10:00:00+07:00,13.0455,82,13.910169,3.9,402.5
2025-09-17 11:00:00+07:00,12.7455,85,14.685176,4.9,422.4
2025-09-17 12:00:00+07:00,12.7455,85,11.298495,6,396.8
2025-09-17 13:00:00+07:00,13.0455,82,13.779114,7.2,413.2
2025-09-17 14:00:00+07:00,13.4955,79,14.830076,7.2,409.1
2025-09-17 15:00:00+07:00,14.2455,76,14.081478,6.5,394.4
2025-09-17 16:00:00+07:00,15.945499,68,20.570463,6,402.5
2025-09-17 17:00:00+07:00,16.845499,63,19.44,5.7,405.7
2025-09-17 18:00:00+07:00,17.9455,57,19.803272,6.4,399.8
2025-09-17 19:00:00+07:00,18.3955,53,18.391735,5.3,402.1
2025-09-17 20:00:00+07:00,18.6455,48,20.633371,5.4,401.1
2025-09-17 21:00:00+07:00,18.0455,52,19.8,5.2,405.9
2025-09-17 22:00:00+07:00,18.4455,54,18.014393,5.2,409.2
2025-09-17 23:00:00+07:00,18.3955,50,16.215992,5.3,415
2025-09-18 00:00:00+07:00,17.5455,57,10.308831,5.4,515.7
2025-09-18 01:00:00+07:00,16.6455,62,11.631956,5.8,545.5
2025-09-18 02:00:00+07:00,15.7455,68,9.693296,6.5,784.5
2025-09-18 03:00:00+07:00,15.2955,68,9.504273,7.4,756
2025-09-18 04:00:00+07:00,14.7455,69,8.707237,8.3,841.1
2025-09-18 05:00:00+07:00,14.7455,67,7.653705,8.4,803.4
2025-09-18 06:00:00+07:00,14.6455,68,9.885262,7.8,615.3
2025-09-18 07:00:00+07:00,14.945499,71,9.931042,5.8,636.5
2025-09-18 08:00:00+07:00,15.0455,72,9.726664,5.5,627.3
2025-09-18 09:00:00+07:00,14.8955,74,11.269782,5.6,418.9
2025-09-18 10:00:00+07:00,15.2455,75,12.287555,3.7,415.1
2025-09-18 11:00:00+07:00,15.3955,77,12.4811535,4,402.5
2025-09-18 12:00:00+07:00,15.5955,80,12.979984,4.9,422.4
2025-09-18 13:00:00+07:00,15.2955,89,12.538134,4.8,396.8
2025-09-18 14:00:00+07:00,15.445499,88,12.984975,4.7,413.2
2025-09-18 15:00:00+07:00,16.095499,85,12.738099,4.7,409.1
2025-09-18 16:00:00+07:00,16.595499,86,12.413477,5.1,394.4
2025-09-18 17:00:00+07:00,17.595499,82,11.592894,5.9,402.5
2025-09-18 18:00:00+07:00,18.2955,78,14.578888,6.3,405.7
2025-09-18 19:00:00+07:00,18.845499,78,10.787993,6.5,399.8
2025-09-18 20:00:00+07:00,19.345499,76,13.207634,6.6,402.1
2025-09-18 21:00:00+07:00,19.845499,73,13.797912,6.8,401.1
2025-09-18 22:00:00+07:00,20.0455,75,12.758432,6.9,405.9
2025-09-18 23:00:00+07:00,19.7455,76,9.028754,7.1,409.2
2025-09-19 00:00:00+07:00,19.5455,78,8.311245,7.1,415
2025-09-19 01:00:00+07:00,19.845499,78,10.594036,7.2,515.7
2025-09-19 02:00:00+07:00,19.7455,76,12.287555,7.5,545.5
2025-09-19 03:00:00+07:00,19.4955,78,10.739833,7.2,784.5
2025-09-19 04:00:00+07:00,19.4955,76,12.245294,7,756
2025-09-19 05:00:00+07:00,19.4455,77,11.792404,7.2,841.1
2025-09-19 06:00:00+07:00,19.345499,77,10.829959,7.1,803.4
2025-09-19 07:00:00+07:00,19.2455,77,12.413476,6.4,615.3
2025-09-19 08:00:00+07:00,18.7455,80,11.631956,7.5,636.5
2025-09-19 09:00:00+07:00,18.1955,83,11.525623,8.5,627.3
2025-09-19 10:00:00+07:00,18.0455,83,10.483357,8.8,418.9
2025-09-19 11:00:00+07:00,17.7455,84,10.787993,9.5,415.1
2025-09-19 12:00:00+07:00,17.595499,85,9.178235,10.7,402.5
2025-09-19 13:00:00+07:00,17.845499,83,10.028439,12.5,422.4
2025-09-19 14:00:00+07:00,18.2455,82,9.387651,12.1,396.8
2025-09-19 15:00:00+07:00,18.9455,79,9.659814,11,413.2
2025-09-19 16:00:00+07:00,19.845499,73,9.659814,9.4,409.1
2025-09-19 17:00:00+07:00,20.9455,65,16.09969,8.8,394.4
2025-09-19 18:00:00+07:00,22.0455,59,14.759999,7.9,402.5
2025-09-19 19:00:00+07:00,21.6455,64,10.041354,7.4,405.7
2025-09-19 20:00:00+07:00,22.4455,60,10.041354,7.4,399.8
2025-09-19 21:00:00+07:00,22.9955,58,7.10031,7.1,402.1
2025-09-19 22:00:00+07:00,24.095499,52,5.3999996,6.7,401.1
2025-09-19 23:00:00+07:00,24.1455,53,7.072878,6.9,405.9
2025-09-20 00:00:00+07:00,23.3955,57,7.5599995,7.1,409.2
2025-09-20 01:00:00+07:00,21.845499,67,5.6920996,8.3,415
2025-09-20 02:00:00+07:00,20.845499,73,6.6185193,8.4,515.7
2025-09-20 03:00:00+07:00,20.0455,75,5.8048253,8.6,545.5
2025-09-20 04:00:00+07:00,19.1455,80,6.9247384,9.4,784.5
2025-09-20 05:00:00+07:00,18.595499,80,7.9036193,9.5,756
2025-09-20 06:00:00+07:00,18.095499,82,7.10031,9.4,841.1
2025-09-20 07:00:00+07:00,17.1455,86,6.6185193,8.9,803.4
2025-09-20 08:00:00+07:00,16.845499,87,7.42159,8.7,615.3
2025-09-20 09:00:00+07:00,16.7455,86,6.9899354,8.9,636.5
2025-09-20 10:00:00+07:00,15.7955,88,6.489992,9.1,627.3
2025-09-20 11:00:00+07:00,16.1955,82,8.311245,9.1,418.9
2025-09-20 12:00:00+07:00,15.945499,81,7.6367526,9,415.1
2025-09-20 13:00:00+07:00,14.9955,84,6.130579,9.2,402.5
2025-09-20 14:00:00+07:00,16.5455,77,7.42159,9,422.4
2025-09-20 15:00:00+07:00,18.7955,69,6.28713,8.5,396.8
2025-09-20 16:00:00+07:00,22.095499,59,7.072878,8.5,413.2
2025-09-20 17:00:00+07:00,24.095499,54,9,8.4,409.1
2025-09-20 18:00:00+07:00,25.845499,49,10.587918,8.1,394.4
2025-09-20 19:00:00+07:00,27.2455,45,10.144082,8.1,402.5
2025-09-20 20:00:00+07:00,28.095499,44,10.315115,8,405.7
2025-09-20 21:00:00+07:00,28.4955,42,10.144082,8.1,399.8
2025-09-20 22:00:00+07:00,29.2455,37,10.787993,8.2,402.1
2025-09-20 23:00:00+07:00,28.7455,38,8.854829,7.9,401.1
2025-09-21 00:00:00+07:00,27.2955,43,6.2145634,8.1,405.9
2025-09-21 01:00:00+07:00,25.1455,55,5.506941,8.2,409.2
2025-09-21 02:00:00+07:00,23.9455,60,6.924738,8.4,415
2025-09-21 03:00:00+07:00,23.095499,61,7.2805495,8.1,515.7
2025-09-21 04:00:00+07:00,21.9455,63,7.5942073,8,545.5
2025-09-21 05:00:00+07:00,21.2955,64,7.628263,8,784.5
2025-09-21 06:00:00+07:00,21.0455,64,6.297428,7.7,756
2025-09-21 07:00:00+07:00,20.345499,69,6.618519,7.7,841.1
2025-09-21 08:00:00+07:00,19.8955,71,4.3349743,7.2,803.4
2025-09-21 09:00:00+07:00,19.1455,75,5.0528407,6.8,615.3
2025-09-21 10:00:00+07:00,18.2955,77,5.8603754,6.8,636.5
2025-09-21 11:00:00+07:00,18.6455,75,6.193674,6.7,627.3
2025-09-21 12:00:00+07:00,18.4455,76,5.634891,6.8,418.9
2025-09-21 13:00:00+07:00,17.595499,79,7.5170207,7.4,415.1
2025-09-21 14:00:00+07:00,18.6955,75,7.2805495,7,402.5
2025-09-21 15:00:00+07:00,20.595499,71,7.5942073,6.5,422.4
2025-09-21 16:00:00+07:00,23.4955,61,9.779817,7.3,396.8
2025-09-21 17:00:00+07:00,25.6455,55,9.83268,7.7,413.2
2025-09-21 18:00:00+07:00,26.345499,51,15.509274,7.5,409.1
2025-09-21 19:00:00+07:00,26.0455,52,13.849476,6.4,394.4
2025-09-21 20:00:00+07:00,24.6455,58,13.684735,5.2,402.5
2025-09-21 21:00:00+07:00,23.9955,61,15.124284,4.2,405.7
2025-09-21 22:00:00+07:00,23.0455,62,18.430452,4.2,399.8
2025-09-21 23:00:00+07:00,21.4455,53,17.873556,3.3,402.1
2025-09-22 00:00:00+07:00,19.9955,58,15.463244,3.3,401.1
2025-09-22 01:00:00+07:00,19.1955,49,14.24163,2.8,405.9
2025-09-22 02:00:00+07:00,17.6955,57,15.463246,2.4,409.2
2025-09-22 03:00:00+07:00,16.595499,67,15.94601,2.6,415
2025-09-22 04:00:00+07:00,15.695499,71,14.480773,2.7,515.7
2025-09-22 05:00:00+07:00,14.695499,71,13.479583,2.5,545.5
2025-09-22 06:00:00+07:00,13.7955,72,12.879752,2.2,784.5
2025-09-22 07:00:00+07:00,13.5455,78,6.792466,2.9,756
2025-09-22 08:00:00+07:00,13.3955,85,5.771239,1.9,841.1
2025-09-22 09:00:00+07:00,13.1455,81,8.714677,2,803.4
2025-09-22 10:00:00+07:00,12.8955,80,4.072935,2.1,615.3
2025-09-22 11:00:00+07:00,12.695499,81,5.3517847,2.3,636.5
2025-09-22 12:00:00+07:00,12.445499,81,8.161764,2.9,627.3
2025-09-22 13:00:00+07:00,11.9955,80,5.904439,4.1,418.9
2025-09-22 14:00:00+07:00,12.195499,77,6.8777895,4.4,415.1
2025-09-22 15:00:00+07:00,12.4955,75,7.5170207,4.2,402.5
2025-09-22 16:00:00+07:00,13.2955,75,7.771331,3.9,422.4
2025-09-22 17:00:00+07:00,14.0455,65,9.346143,3.3,396.8
2025-09-22 18:00:00+07:00,14.5955,61,10.239453,3.3,396.8
2025-09-22 19:00:00+07:00,15.1455,54,11.570515,3.2,413.2
2025-09-22 20:00:00+07:00,15.195499,52,10.739833,3.4,409.1
2025-09-22 21:00:00+07:00,15.0455,54,10.829959,3.3,394.4
2025-09-22 22:00:00+07:00,14.9955,47,11.659777,3.2,402.5
2025-09-22 23:00:00+07:00,14.8455,49,8.647496,3.1,405.7
2025-09-23 00:00:00+07:00,14.4955,50,6.9527545,3.4,399.8
2025-09-23 01:00:00+07:00,14.2455,55,3.7064266,3.5,402.1
2025-09-23 02:00:00+07:00,13.7955,59,9.360001,3.5,401.1
2025-09-23 03:00:00+07:00,12.945499,63,6.162207,3.6,405.9
2025-09-23 04:00:00+07:00,12.3955,66,6.489992,3.6,409.2
2025-09-23 05:00:00+07:00,11.9955,64,5.3999996,3.6,415
2025-09-23 06:00:00+07:00,11.0955,68,5.3517847,3.7,515.7
2025-09-23 07:00:00+07:00,9.6455,75,6.638072,3.5,545.5
2025-09-23 08:00:00+07:00,9.0455,78,5.815978,3.5,784.5
2025-09-23 09:00:00+07:00,8.5455,80,5.815978,3.8,756
2025-09-23 10:00:00+07:00,8.0455,80,5.6233797,4.1,841.1