date,temp,humidity,wind_speed,pm2_5,co2,EnergyConsumption,SquareFootage
2025-08-12 19:00:00+07:00,27.9455,32,9.178235,9.8,9.178235,75.36437339539214,1565.6939992511175
2025-08-12 20:00:00+07:00,28.6955,30,9.220499,10.2,9.220499,83.40185495035139,1411.064918331917
2025-08-12 21:00:00+07:00,29.1455,29,8.404285,10.6,8.404285,78.27088774061066,1755.71500922237
2025-08-12 22:00:00+07:00,29.3955,31,9.021574,10.7,9.021574,56.51985048548002,1452.316318334375
2025-08-12 23:00:00+07:00,29.1955,28,10.1887,10.6,10.1887,70.81173246793318,1094.1303586981196
2025-08-13 00:00:00+07:00,28.845499,30,9.826088,8.4,9.826088,84.32188519433718,1871.7091797360983
2025-08-13 01:00:00+07:00,27.8955,33,10.308831,8,10.308831,76.16579090213895,1607.0012284749637
2025-08-13 02:00:00+07:00,26.4955,36,10.086427,7.9,10.086427,74.1319061773031,1633.9553295431137
2025-08-13 03:00:00+07:00,24.7955,45,9.72,7.7,9.72,78.20623587095885,1240.309223721734
2025-08-13 04:00:00+07:00,23.4955,52,8.311245,7.8,8.311245,77.99221370196022,1705.4203356236915
2025-08-13 05:00:00+07:00,22.4955,53,9.826088,8,9.826088,82.27443448386548,1341.4671285403147
2025-08-13 06:00:00+07:00,21.1955,56,9.6932955,8.3,9.6932955,73.27866950427382,1604.4183548074382
2025-08-13 07:00:00+07:00,20.3955,58,8.905908,9.6,8.905908,84.14477565753458,1244.6189139899486
2025-08-13 08:00:00+07:00,19.7455,59,8.473393,9.5,8.473393,60.0225185622203,1806.052631578324
2025-08-13 09:00:00+07:00,19.1955,59,9.9571085,9.5,9.9571085,81.18318756246354,1419.7490137965287
2025-08-13 10:00:00+07:00,18.595499,64,10.137692,9.8,10.137692,74.081256288494,1144.8062949047298
2025-08-13 11:00:00+07:00,18.2455,65,8.473393,10.5,8.473393,89.4982076601557,1620.8617811356273
2025-08-13 12:00:00+07:00,18.095499,66,10.948973,11.1,10.948973,72.87244263642421,1413.595106864955
2025-08-13 13:00:00+07:00,18.7455,63,9.255571,12.4,9.255571,83.8998965998896,1832.1997785770345
2025-08-13 14:00:00+07:00,19.9455,61,6.6185193,12.1,6.6185193,82.07757940317406,1251.553720835332
2025-08-13 15:00:00+07:00,21.2955,57,7.5942073,11.8,7.5942073,94.236287728335,1211.2618021121182
2025-08-13 16:00:00+07:00,23.6955,53,7.0911775,11.6,7.0911775,59.672380432970826,1677.105260698892
2025-08-13 17:00:00+07:00,26.1955,45,9.9571085,11.3,9.9571085,70.23522761734993,1228.3223766902736
2025-08-13 18:00:00+07:00,27.9955,45,7.289445,11,7.289445,78.39420777459377,1253.708860396828
2025-08-13 19:00:00+07:00,30.845499,32,8.942214,10.9,8.942214,87.84164465666763,1533.8875228293596
2025-08-13 20:00:00+07:00,31.6955,24,9.673221,10.9,9.673221,72.92984426206768,1040.2062146036978
2025-08-13 21:00:00+07:00,31.9455,24,7.8954163,10.6,7.8954163,86.66909405376278,1701.2553405115032
2025-08-13 22:00:00+07:00,32.245502,24,4.8433046,10.1,4.8433046,80.41142775984329,1126.0627981873615
2025-08-13 23:00:00+07:00,31.6955,28,11.792404,9.8,11.792404,64.21209800102363,1289.616032810379
2025-08-14 00:00:00+07:00,30.4455,38,12.605142,10.1,12.605142,74.16033755004982,1649.5103531928776
2025-08-14 01:00:00+07:00,29.3955,39,12.6462,9.9,12.6462,81.04958057295511,1887.2017226982111
2025-08-14 02:00:00+07:00,28.0455,42,10.086427,10.5,10.086427,70.30817192579988,1096.7031280679794
2025-08-14 03:00:00+07:00,26.4455,44,9.178235,10.7,9.178235,82.28439185280472,1491.2879488851015
2025-08-14 04:00:00+07:00,24.8955,49,8.12197,10,8.12197,59.847392688307885,1036.4623172912152
2025-08-14 05:00:00+07:00,23.595499,52,8.209263,9.5,8.209263,82.50403686398842,1876.510298961869
2025-08-14 06:00:00+07:00,22.6455,54,8.4042845,9.2,8.4042845,82.78244589126273,1155.2301001435485
2025-08-14 07:00:00+07:00,21.9455,58,5.0142193,9.4,5.0142193,74.67411328167944,1850.3220231803862
2025-08-14 08:00:00+07:00,21.345499,60,6.162207,10.3,6.162207,86.88913818269737,1924.1861207571112
2025-08-14 09:00:00+07:00,20.845499,63,6.130579,10.9,6.130579,78.54242641942929,1654.9299772328145
2025-08-14 10:00:00+07:00,20.345499,66,5.7599998,11.4,5.7599998,77.22845715853467,1958.9635358554863
2025-08-14 11:00:00+07:00,20.0455,68,5.1544156,11.9,5.1544156,73.73515145603137,1517.168540999046
2025-08-14 12:00:00+07:00,20.1455,68,5.2416787,12.1,5.2416787,91.84340824868657,1296.5818068796584
2025-08-14 13:00:00+07:00,21.0455,64,5.4477882,12.9,5.4477882,73.35070513237227,1491.880064573067
2025-08-14 14:00:00+07:00,23.1455,56,7.2,12.8,7.2,66.20209750906106,1114.2301237129745
2025-08-14 15:00:00+07:00,24.9455,51,7.2359104,12.7,7.2359104,77.85177634998958,1183.4936058135675
2025-08-14 16:00:00+07:00,27.1955,46,8.209263,12.8,8.209263,90.98147610427823,1516.7527033111173
2025-08-14 17:00:00+07:00,29.1455,44,8.473393,12.4,8.473393,81.91707933111346,1162.6593544131147
2025-08-14 18:00:00+07:00,31.095499,37,8.854829,11.9,8.854829,70.22461753933254,1666.0436474922356
2025-08-14 19:00:00+07:00,32.0455,36,8.435069,11.2,8.435069,88.73376918202806,1024.9989858937445
2025-08-14 20:00:00+07:00,32.495502,36,6.9153743,10.5,6.9153743,76.55502512631448,1234.0853680866385
2025-08-14 21:00:00+07:00,33.3455,35,5.3517847,10.6,5.3517847,62.05505493579667,1514.8270370715445
2025-08-14 22:00:00+07:00,33.445503,26,6.489992,11.1,6.489992,62.00189386466329,1919.119996208746
2025-08-14 23:00:00+07:00,33.3455,29,4.3498964,11.3,4.3498964,80.45212742101157,1857.2683694193852
2025-08-15 00:00:00+07:00,32.745502,36,9.028754,11.6,9.028754,64.71822006448231,1325.6002039883774
2025-08-15 01:00:00+07:00,32.0455,37,6.5693827,11.8,6.5693827,91.87196450897233,1864.7323664037672
2025-08-15 02:00:00+07:00,30.3955,46,6.297428,12.3,6.297428,69.69226303092958,1902.8038240327674
2025-08-15 03:00:00+07:00,29.1455,48,5.506941,13.2,5.506941,63.85097612559908,1896.8160791752975
2025-08-15 04:00:00+07:00,27.4455,58,5.0142193,14.2,5.0142193,68.80528577996184,1434.5263111079676
2025-08-15 05:00:00+07:00,26.3955,61,5.771239,14.5,5.771239,76.30130928798148,1689.4554548228862
2025-08-15 06:00:00+07:00,25.345499,62,6.9527545,14.2,6.9527545,84.03868416047865,1187.6137331373209
2025-08-15 07:00:00+07:00,24.4955,62,6.9247384,13,6.9247384,77.67379217139589,1038.6767198939717
2025-08-15 08:00:00+07:00,23.6455,64,7.4128532,12.7,7.4128532,78.9122501589774,1098.7993275437675
2025-08-15 09:00:00+07:00,22.9455,66,6.297428,12.5,6.297428,64.04242487840129,1546.5082455132003
2025-08-15 10:00:00+07:00,22.2955,69,4.6938257,13.3,4.6938257,78.18728130362722,1350.7565854072911
2025-08-15 11:00:00+07:00,21.845499,71,6.1305785,13.9,6.1305785,63.39384819262403,1529.6571154960998
2025-08-15 12:00:00+07:00,21.8955,72,4.6102495,15.2,4.6102495,76.1061781008304,1660.5352671428975
2025-08-15 13:00:00+07:00,22.6455,66,4.1046314,15.4,4.1046314,60.14423797781192,1631.6347139345492
2025-08-15 14:00:00+07:00,24.345499,60,3.8268526,15.6,3.8268526,80.19264551142784,1847.3956285621412
2025-08-15 15:00:00+07:00,26.4955,54,2.3051248,15.8,2.3051248,86.22364506793032,1143.1051769409855
2025-08-15 16:00:00+07:00,28.9455,44,2.4149535,15.9,2.4149535,53.26327834004948,1836.5426514662836
2025-08-15 17:00:00+07:00,31.1455,39,0.35999998,17.1,0.35999998,64.963183670906,1134.0026160549453
2025-08-15 18:00:00+07:00,32.495502,35,1.8,17.1,1.8,66.43892064888173,1140.6015497610567
2025-08-15 19:00:00+07:00,33.495502,35,6.849467,16.7,6.849467,75.91390632236421,1897.7022242369349
2025-08-15 20:00:00+07:00,34.0955,28,7.968939,16.6,7.968939,84.1914674081221,1849.8295811087282
2025-08-15 21:00:00+07:00,33.8955,34,7.6367526,15.4,7.6367526,75.25176382432235,1851.5977412346076
2025-08-15 22:00:00+07:00,33.495502,39,12.88981,15.2,12.88981,75.0144709786204,1037.2068852025438
2025-08-15 23:00:00+07:00,32.6455,38,14.512064,16.8,14.512064,69.36574478049252,1198.62522424261
2025-08-16 00:00:00+07:00,31.2455,49,16.418526,17.5,16.418526,78.04604233404717,1310.8749121436545
2025-08-16 01:00:00+07:00,29.8955,51,15.7908325,16.3,15.7908325,67.48478775030759,1772.0857079256311
2025-08-16 02:00:00+07:00,27.6455,44,16.323528,14.1,16.323528,78.25428789721424,1050.3176022812484
2025-08-16 03:00:00+07:00,25.7455,58,13.138765,10.3,13.138765,74.84338094009375,1688.8908261560819
2025-08-16 04:00:00+07:00,24.8955,58,9.449572,7.6,9.449572,64.64191192860432,1150.2851690246343
2025-08-16 05:00:00+07:00,23.845499,62,7.653705,7,7.653705,89.08843429796624,1417.5932587170862
2025-08-16 06:00:00+07:00,22.6955,66,6.8777895,6.1,6.8777895,73.15432864841176,1907.1675791195996
2025-08-16 07:00:00+07:00,21.6455,70,7.386582,6.4,7.386582,72.1170986136019,1348.3777439210419
2025-08-16 08:00:00+07:00,20.7455,72,8.404285,6.5,8.404285,76.72156432900981,1711.6093599661585
2025-08-16 09:00:00+07:00,19.8955,76,8.714677,7.6,8.714677,65.97246106658439,1619.5522508716913
2025-08-16 10:00:00+07:00,19.1455,80,7.42159,9.1,7.42159,61.53670969150112,1601.8132146884382
2025-08-16 11:00:00+07:00,18.5455,85,8.654987,9.9,8.654987,77.38447783546265,1102.6056996132347
2025-08-16 12:00:00+07:00,18.6455,86,8.404285,10.4,8.404285,76.07661992033586,1408.2789651901426
2025-08-16 13:00:00+07:00,18.9455,83,12.229406,12.6,12.229406,74.8678736943382,1045.0365237762853
2025-08-16 14:00:00+07:00,19.095499,81,10.195057,12.9,10.195057,86.28935401350225,1679.7731716688027
2025-08-16 15:00:00+07:00,19.9955,75,9.931042,11.7,9.931042,83.87525695191415,1361.2447810300714
2025-08-16 16:00:00+07:00,20.095499,72,11.792404,10.6,11.792404,83.45804939133072,1712.281768748431
2025-08-16 17:00:00+07:00,20.595499,71,13.896187,10.9,13.896187,81.99682840223484,1982.7838546992166
2025-08-16 18:00:00+07:00,21.5455,65,13.363711,9.7,13.363711,86.64692164178189,1355.3852202147957
2025-08-16 19:00:00+07:00,22.6455,59,15.807239,8.6,15.807239,75.98238074965289,1384.3252560857636
2025-08-16 20:00:00+07:00,24.095499,52,14.168641,7.6,14.168641,70.71436235851863,1179.4861922820678
2025-08-16 21:00:00+07:00,24.6955,34,15.1884165,6.6,15.1884165,81.7455295095431,1389.6982242952517
2025-08-16 22:00:00+07:00,24.5455,33,14.88242,5.7,14.88242,85.18255250346287,1419.4620608172213
2025-08-16 23:00:00+07:00,23.9455,39,14.88242,4.8,14.88242,75.29040593436996,1167.0982004816349
2025-08-17 00:00:00+07:00,23.4455,39,13.979872,4.6,13.979872,85.18197378804605,1193.2010252507732
2025-08-17 01:00:00+07:00,22.9455,36,13.004922,4.6,13.004922,72.76703721222391,1573.5114805655035
2025-08-17 02:00:00+07:00,21.845499,42,10.685391,4.7,10.685391,81.81977544986103,1419.6413134686443
2025-08-17 03:00:00+07:00,20.095499,49,8.28,5.2,8.28,78.64588465860416,1364.4710914438917
2025-08-17 04:00:00+07:00,19.095499,56,7.5170207,4.6,7.5170207,66.95161483968974,1258.09651534508
2025-08-17 05:00:00+07:00,18.1455,60,5.3517847,4.4,5.3517847,71.17906441062561,1888.7015821044001
2025-08-17 06:00:00+07:00,17.4955,65,5.1165614,4.4,5.1165614,63.861910204942966,1226.3187266326547
2025-08-17 07:00:00+07:00,16.1955,68,7.5942082,4.3,7.5942082,61.130942848363965,1457.8643272330607
2025-08-17 08:00:00+07:00,15.195499,74,8.0899935,4.1,8.0899935,79.72428614261031,1130.0378302522874
2025-08-17 09:00:00+07:00,14.445499,76,8.707237,3.6,8.707237,81.89398685671573,1512.1380631149746
2025-08-17 10:00:00+07:00,13.945499,77,10.365251,3.5,10.365251,85.36040306812063,1293.9739795020191
2025-08-17 11:00:00+07:00,13.3955,79,10.163227,3.7,10.163227,77.77646909816677,1610.793389093792
2025-08-17 12:00:00+07:00,13.2455,80,9.565437,3.8,9.565437,87.74800460069132,1896.9408769455067
2025-08-17 13:00:00+07:00,13.3955,81,8.825508,4,8.825508,72.3960115782119,1237.3459923520145
2025-08-17 14:00:00+07:00,14.2955,78,7.968939,3.9,7.968939,69.56901196476844,1300.4430831373002
2025-08-17 15:00:00+07:00,15.445499,74,8.209263,3.9,8.209263,73.2522162580531,1038.2548224651764
2025-08-17 16:00:00+07:00,17.2955,68,7.69592,3.1,7.69592,75.81440197116459,1887.4370391731054
2025-08-17 17:00:00+07:00,18.4955,63,8.217153,3.2,8.217153,86.53486772687651,1221.8467155573105
2025-08-17 18:00:00+07:00,19.3955,59,7.653705,3.2,7.653705,81.19093782580337,1239.6202801239695
2025-08-17 19:00:00+07:00,20.1455,55,9.726664,3.5,9.726664,76.93645309620132,1736.014902844016
2025-08-17 20:00:00+07:00,20.9955,52,7.6367526,3.7,7.6367526,64.5953373760119,1204.3719003385525
2025-08-17 21:00:00+07:00,21.7955,46,8.435069,3.6,8.435069,81.1090189124048,1600.051332782194
2025-08-17 22:00:00+07:00,22.8955,37,7.289444,3.1,7.289444,70.25774284987176,1188.1040769652068
2025-08-17 23:00:00+07:00,22.7455,40,10.365251,2.8,10.365251,65.98142190071894,1735.080411205346
2025-08-18 00:00:00+07:00,22.6955,38,8.049845,2.7,8.049845,76.19515389291618,1842.9698334803174
2025-08-18 01:00:00+07:00,22.4455,41,7.4128532,2.7,7.4128532,72.16382017990225,1636.739575096052
2025-08-18 02:00:00+07:00,21.4455,46,7.653705,2.7,7.653705,74.11809532316923,1073.066165861618
2025-08-18 03:00:00+07:00,20.7455,49,5.154415,2.5,5.154415,73.92814359788368,1518.000607262546
2025-08-18 04:00:00+07:00,18.3955,56,7.653705,2.9,7.653705,80.51166202577497,1096.8574341241738
2025-08-18 05:00:00+07:00,17.6955,56,7.289445,3.2,7.289445,68.56408772167514,1138.3768161488222
2025-08-18 06:00:00+07:00,16.7955,62,5.0911684,3.5,5.0911684,71.4275936133967,1075.24160687709
2025-08-18 07:00:00+07:00,15.8955,71,2.0364676,3.4,2.0364676,64.0769676381083,1924.9997939403702
2025-08-18 08:00:00+07:00,15.6455,73,3.219938,3.7,3.219938,57.48444204410177,1229.5579899535537
2025-08-18 09:00:00+07:00,15.0955,74,3.2599385,4.2,3.2599385,82.59776720138095,1724.596154301106
2025-08-18 10:00:00+07:00,14.445499,73,3.6179552,4.7,3.6179552,77.51805130415416,1252.710601519103
2025-08-18 11:00:00+07:00,13.9955,76,3.671294,5.4,3.671294,71.01713960978869,1381.696147726456
2025-08-18 12:00:00+07:00,13.9955,76,3.8773184,5.8,3.8773184,64.69791035517181,1300.7040976874428
2025-08-18 13:00:00+07:00,14.7955,71,3.396233,7.1,3.396233,76.30888108689255,1659.1480964987
2025-08-18 14:00:00+07:00,16.345499,63,4.198285,6.9,4.198285,80.0038474890762,1844.7772007556214
2025-08-18 15:00:00+07:00,18.0455,60,5.00128,4.4,5.00128,72.10407562222572,1194.8779926397324
2025-08-18 16:00:00+07:00,19.845499,54,3.8773184,3.8,3.8773184,93.78946764246312,1400.05846191636
2025-08-18 17:00:00+07:00,21.2455,47,2.7416782,3.2,2.7416782,78.13896312348292,1520.1424966650534
2025-08-18 18:00:00+07:00,22.2455,48,4.1046314,3,4.1046314,87.32448956439137,1520.1360815048147
2025-08-18 19:00:00+07:00,23.4455,46,5.95906,3,5.95906,74.17904403679803,1568.2833403281447
2025-08-18 20:00:00+07:00,23.9955,44,8.350138,2.9,8.350138,69.91514117978062,1710.9492465466901
2025-08-18 21:00:00+07:00,24.345499,41,9.885262,2.9,9.885262,91.59435479545417,1494.2672203558873
2025-08-18 22:00:00+07:00,24.7955,39,6.489992,3,6.489992,76.13895450681913,1294.4596906357647
2025-08-18 23:00:00+07:00,24.2455,39,6.6087217,3.3,6.6087217,70.97691337938971,1607.748928093796
2025-08-19 00:00:00+07:00,23.7455,43,11.183201,3.4,11.183201,79.4339400188436,1528.481675896865
2025-08-19 01:00:00+07:00,23.2455,46,9.693296,3.4,9.693296,77.65217034892018,1054.1714429296296
2025-08-19 02:00:00+07:00,22.1455,51,7.9932966,4.2,7.9932966,74.11609389205148,1081.9823539263905
2025-08-19 03:00:00+07:00,21.1955,54,5.3517847,4.1,5.3517847,67.63764065291417,1336.849287109329
2025-08-19 04:00:00+07:00,20.1455,62,4.8433046,4.2,4.8433046,72.59022722499552,1314.0077382886307
2025-08-19 05:00:00+07:00,19.4955,66,4.1046314,4.2,4.1046314,85.12072843207085,1657.764637267109
2025-08-19 06:00:00+07:00,18.7955,69,4.3349743,4.3,4.3349743,76.92758507734762,1587.9297676463723
2025-08-19 07:00:00+07:00,17.7455,77,4.072935,4.7,4.072935,82.96293306052968,1604.5142154813898
2025-08-19 08:00:00+07:00,17.345499,79,3.319036,4.8,3.319036,77.22008603312915,1686.8397802470236
2025-08-19 09:00:00+07:00,16.845499,79,4.198285,5.2,4.198285,71.13106167742689,1311.4164767091165
2025-08-19 10:00:00+07:00,15.4955,89,3.7064266,5.6,3.7064266,69.27222198435854,1748.2362667815878
2025-08-19 11:00:00+07:00,15.2455,84,3.219938,6,3.219938,82.23684827593902,1796.4192861405197
2025-08-19 12:00:00+07:00,15.3455,81,3.4152596,6.6,3.4152596,83.33161598574218,1774.8943563867733
2025-08-19 13:00:00+07:00,16.4955,72,2.2768397,8.2,2.2768397,95.0709621683288,1120.3265035392747
2025-08-19 14:00:00+07:00,18.1955,65,2.968636,7.8,2.968636,79.80025010450828,1866.0889864799233
2025-08-19 15:00:00+07:00,20.0455,57,4.379589,6.7,4.379589,78.73050081593509,1536.626802627764
2025-08-19 16:00:00+07:00,22.095499,48,5.0528407,5.8,5.0528407,85.42767734648194,1317.1613295680822
2025-08-19 17:00:00+07:00,23.1455,47,6.2145634,5.8,6.2145634,84.03168982758035,1531.8853160440763
2025-08-19 18:00:00+07:00,24.1455,45,6.130579,6,6.130579,72.89058361910637,1004.4065498330265
2025-08-19 19:00:00+07:00,25.0455,41,4.73506,6.2,4.73506,75.6149818889058,1999.204208464013
2025-08-19 20:00:00+07:00,25.845499,37,5.5887027,6.4,5.5887027,71.7896472154404,1486.7808684517167
2025-08-19 21:00:00+07:00,26.2955,35,5.154415,6.8,5.154415,63.00815765839373,1533.2081723832957
2025-08-19 22:00:00+07:00,26.7455,35,4.5536795,7.2,4.5536795,94.55062457295647,1595.4276931480085
2025-08-19 23:00:00+07:00,26.7455,36,5.8048253,7.4,5.8048253,83.5768305363592,1751.7226232599996
2025-08-20 00:00:00+07:00,26.1955,37,4.379589,7,4.379589,84.69317340818874,1822.8779327096152
2025-08-20 01:00:00+07:00,26.095499,34,5.3517847,6.2,5.3517847,78.58613842129708,1387.1175740254912
2025-08-20 02:00:00+07:00,25.2955,38,1.835647,6.2,1.835647,75.64668454750125,1739.9318744254724
2025-08-20 03:00:00+07:00,24.1455,40,2.9024127,7.7,2.9024127,73.2068674222959,1086.4759569750108
2025-08-20 04:00:00+07:00,22.4455,57,2.9024127,9.4,2.9024127,74.33393532360886,1483.8715001969092
2025-08-20 05:00:00+07:00,21.3955,65,3.2399998,9,3.2399998,81.30053662729328,1423.2985933354885
2025-08-20 06:00:00+07:00,21.2955,60,3.8268526,10.6,3.8268526,78.22920748795471,1312.446456611222
2025-08-20 07:00:00+07:00,18.6955,71,8.647496,8.6,8.647496,75.41031586036098,1353.5196976926484
2025-08-20 08:00:00+07:00,17.3955,78,8.473393,7.5,8.473393,71.18623045897634,1666.7137127092624
2025-08-20 09:00:00+07:00,16.8955,80,6.130579,7.9,6.130579,92.8609254933263,1949.3384776642547
2025-08-20 10:00:00+07:00,16.4955,81,6.638072,8.3,6.638072,82.10276684430163,1616.5585118018594
2025-08-20 11:00:00+07:00,16.2455,84,6.9247384,8,6.9247384,78.28652837883581,1685.6746590412488
2025-08-20 12:00:00+07:00,16.1455,86,8.4963045,7.6,8.4963045,86.08746919457022,1107.2029804321808
2025-08-20 13:00:00+07:00,15.695499,90,9.565437,8,9.565437,74.57680497677092,1899.0875255305602
2025-08-20 14:00:00+07:00,17.0455,81,9.449572,8.4,9.449572,90.53846528743107,1556.6591447905703
2025-08-20 15:00:00+07:00,18.4955,71,8.12197,6.8,8.12197,76.76832119015009,1332.2874186119748
2025-08-20 16:00:00+07:00,19.2455,68,8.647496,6.1,8.647496,86.41515216046992,1573.3240258707547
2025-08-20 17:00:00+07:00,20.6455,61,8.089993,6,8.089993,76.19438265142527,1623.7826773041693
2025-08-20 18:00:00+07:00,21.845499,57,5.6920996,5.8,5.6920996,76.9339196411834,1118.1674861956114
2025-08-20 19:00:00+07:00,22.8955,50,7.4128532,5.8,7.4128532,71.05504380693068,1291.1083800681697
2025-08-20 20:00:00+07:00,23.7955,45,7.754637,5.8,7.754637,77.39615132557863,1566.1811448102976
2025-08-20 21:00:00+07:00,23.9955,45,9.511088,5.3,9.511088,70.65426607453617,1666.9390640478302
2025-08-20 22:00:00+07:00,23.3955,52,12.979984,5.2,12.979984,67.80754950018792,1722.155626137732
2025-08-20 23:00:00+07:00,24.0455,43,9.793059,4.6,9.793059,72.0717496237688,1730.5310895304603
2025-08-21 00:00:00+07:00,22.1955,52,14.4,3.8,14.4,59.60890188505656,1284.5311450403722
2025-08-21 01:00:00+07:00,21.095499,50,15.379206,3.2,15.379206,90.01159284299351,1291.7759539679073
2025-08-21 02:00:00+07:00,19.2955,53,14.693999,3,14.693999,73.37704700964338,1801.9601834503444
2025-08-21 03:00:00+07:00,17.7455,55,12.979984,2.7,12.979984,70.97874709212677,1426.729099685438
2025-08-21 04:00:00+07:00,17.095499,55,11.885453,2.6,11.885453,74.3795743154023,1559.1884565676196
2025-08-21 05:00:00+07:00,16.1455,58,9.686609,2.5,9.686609,67.64237008316105,1314.5127603969
2025-08-21 06:00:00+07:00,15.4955,62,9.387651,2.6,9.387651,71.53539589665067,1365.621979533984
2025-08-21 07:00:00+07:00,14.5455,69,7.7879906,2.6,7.7879906,65.28898283111768,1021.6042517652241
2025-08-21 08:00:00+07:00,14.0455,71,6.792466,2.6,6.792466,72.43112712908069,1829.1570542530017
2025-08-21 09:00:00+07:00,13.2955,73,7.5685663,2.6,7.5685663,75.68903567876515,1262.6298727324445
2025-08-21 10:00:00+07:00,12.0955,75,7.5685663,2.7,7.5685663,71.77872060518372,1360.452426406476
2025-08-21 11:00:00+07:00,11.5455,77,6.489992,2.8,6.489992,80.04392593841625,1846.2665671519615
2025-08-21 12:00:00+07:00,11.445499,78,5.3999996,3.8,5.3999996,75.3694376988319,1541.747142132121
2025-08-21 13:00:00+07:00,12.5455,78,4.896529,5.5,4.896529,86.55059850127053,1091.8352610376628
2025-08-21 14:00:00+07:00,14.0955,74,4.39436,5.9,4.39436,71.93814969843436,1184.7011070061412
2025-08-21 15:00:00+07:00,16.1955,68,3.319036,5.4,3.319036,87.13708266107015,1196.7616728314845
2025-08-21 16:00:00+07:00,18.4455,58,6.0347,4.9,6.0347,73.58696136798733,1319.8096525171284
2025-08-21 17:00:00+07:00,19.9955,54,5.937272,4.3,5.937272,90.72509867918768,1185.7144181293863
2025-08-21 18:00:00+07:00,21.4455,48,5.6920996,4,5.6920996,72.9962814909488,1582.2214315214576
2025-08-21 19:00:00+07:00,22.8955,40,5.904439,3.3,5.904439,85.68075277503624,1326.2245678325598
2025-08-21 20:00:00+07:00,23.4455,35,8.913181,3.3,8.913181,69.30518444855907,1979.9327493232413
2025-08-21 21:00:00+07:00,23.595499,35,10.383987,3.3,10.383987,73.99983940485824,1406.1936180732778
2025-08-21 22:00:00+07:00,23.8955,29,10.315115,2.8,10.315115,70.28576213853393,1188.5065754058612
2025-08-21 23:00:00+07:00,23.2455,33,14.081477,2.9,14.081477,75.17636554806667,1801.3606110591336
2025-08-22 00:00:00+07:00,22.3955,33,14.799459,2.8,14.799459,86.71559756482247,1740.2115580379896
2025-08-22 01:00:00+07:00,21.5455,32,12.245293,3.2,12.245293,90.45215551215163,1950.0403523466268
2025-08-22 02:00:00+07:00,19.3955,47,13.324863,3.7,13.324863,64.36966291489324,1764.5174422999548
2025-08-22 03:00:00+07:00,17.7455,56,14.4,3.7,14.4,68.35678498918013,1284.5983249577748
2025-08-22 04:00:00+07:00,16.9455,57,11.165805,3.3,11.165805,70.38082621458054,1157.2400578055917
2025-08-22 05:00:00+07:00,16.1955,60,8.049845,3.4,8.049845,77.70804435496895,1280.7234936215007
2025-08-22 06:00:00+07:00,15.695499,61,7.10031,3.7,7.10031,68.52149457374996,1665.067602940079
2025-08-22 07:00:00+07:00,14.695499,68,7.2,4,7.2,77.87769146042558,1908.7882636690144
2025-08-22 08:00:00+07:00,14.0455,65,7.9036193,3.9,7.9036193,77.73573441216783,1016.5754891029421
2025-08-22 09:00:00+07:00,13.0455,72,8.557102,3.8,8.557102,83.24548578666972,1341.8115846534404
2025-08-22 10:00:00+07:00,12.445499,73,9.255571,3.7,9.255571,80.3018182837614,1698.0413151788803
2025-08-22 11:00:00+07:00,11.7955,76,9.47012,3.8,9.47012,76.11191730004793,1873.0146496709685
2025-08-22 12:00:00+07:00,11.445499,79,10.495713,4.5,10.495713,64.04576014798012,1601.7944277100373
2025-08-22 13:00:00+07:00,11.695499,81,10.853866,5.2,10.853866,77.01609483925165,1317.5415391844942
2025-08-22 14:00:00+07:00,12.7955,77,10.308831,5.4,10.308831,78.73329793345887,1880.0331106789029
2025-08-22 15:00:00+07:00,14.8455,70,10.661107,4.3,10.661107,87.44225579139471,1836.4250579001405
2025-08-22 16:00:00+07:00,16.9455,59,11.923557,3.2,11.923557,72.43118969395067,1765.921208488337
2025-08-22 17:00:00+07:00,18.1455,49,16.267857,2.9,16.267857,76.7162449831054,1288.2591827715416
2025-08-22 18:00:00+07:00,18.845499,41,16.279802,2.9,16.279802,67.80696760106643,1693.3549077795708
2025-08-22 19:00:00+07:00,19.1455,39,19.171478,2.8,19.171478,74.66520658582795,1816.9609583847514
2025-08-22 20:00:00+07:00,18.845499,40,17.072504,2.9,17.072504,77.02412225998496,1135.0541649419079
2025-08-22 21:00:00+07:00,18.7955,42,19.486609,3.4,19.486609,57.90048341076686,1474.9972444248765
2025-08-22 22:00:00+07:00,18.3955,48,16.746773,3.6,16.746773,73.95195603161895,1101.8625409853607
2025-08-22 23:00:00+07:00,18.4955,46,15.617529,3.7,15.617529,77.15892668556708,1706.9110683725335
2025-08-23 00:00:00+07:00,18.0455,49,14.345898,3.4,14.345898,93.00944697108928,1115.9258770327267
2025-08-23 01:00:00+07:00,17.0455,55,15.629971,4,15.629971,80.36211598533166,1514.3084227814595
2025-08-23 02:00:00+07:00,16.2955,57,12.72283,4.4,12.72283,92.52121146546571,1568.1926339771755
2025-08-23 03:00:00+07:00,16.0455,58,12.522619,3.7,12.522619,72.66316703041736,1953.9582653810317
2025-08-23 04:00:00+07:00,15.695499,61,12.313893,3.2,12.313893,78.20231068064139,1208.2781179448011
2025-08-23 05:00:00+07:00,15.2955,64,12.429127,3.2,12.429127,90.49170426163877,1062.2124100945002
2025-08-23 06:00:00+07:00,14.6455,65,13.138765,3.3,13.138765,76.68183997746894,1232.0894046031372
2025-08-23 07:00:00+07:00,14.445499,67,14.044615,3,14.044615,81.51851629194611,1422.8399067703267
2025-08-23 08:00:00+07:00,14.0455,69,14.113653,2.9,14.113653,67.31542829520717,1874.4127648209997
2025-08-23 09:00:00+07:00,13.7955,71,13.039754,3,13.039754,79.4966013466813,1079.8116460659808
2025-08-23 10:00:00+07:00,13.5455,71,13.039754,2.9,13.039754,86.44733860392547,1351.9103661587762
2025-08-23 11:00:00+07:00,13.1455,73,14.799459,3.2,14.799459,93.6948065961692,1439.8695677746261
2025-08-23 12:00:00+07:00,12.9955,73,14.404499,3.4,14.404499,79.48953462894329,1491.1003755402407
2025-08-23 13:00:00+07:00,13.1455,75,15.137133,3.6,15.137133,71.90487922337948,1765.4303015054015
2025-08-23 14:00:00+07:00,13.5955,71,15.496736,3.3,15.496736,77.41385903979514,1977.218510388948
2025-08-23 15:00:00+07:00,14.195499,67,17.015474,3.1,17.015474,68.46853359640598,1513.0721280168027
2025-08-23 16:00:00+07:00,15.0455,60,17.902534,3.1,17.902534,72.99317043236167,1280.2391590246698
2025-08-23 17:00:00+07:00,16.0455,56,18.161278,3.2,18.161278,83.22600601472266,1042.072049391753
2025-08-23 18:00:00+07:00,16.595499,51,24.315327,3.3,24.315327,80.43141463610559,1181.7465160527408
2025-08-23 19:00:00+07:00,14.445499,60,17.698677,3.3,17.698677,81.66465477661896,1702.1567646103554
2025-08-23 20:00:00+07:00,15.5455,52,15.580141,2.8,15.580141,91.90838131284832,1006.2253670153717
2025-08-23 21:00:00+07:00,15.3955,43,14.799459,2.6,14.799459,65.67603413159378,1130.0024035495549
2025-08-23 22:00:00+07:00,15.2955,49,14.512064,2.2,14.512064,76.23584839186987,1468.417536241663
2025-08-23 23:00:00+07:00,15.7955,57,14.186923,1.6,14.186923,81.5468009875772,1341.9076445289347
2025-08-24 00:00:00+07:00,15.8955,56,13.584932,1.6,13.584932,83.75995734706586,1887.0946363099501
2025-08-24 01:00:00+07:00,15.8455,57,10.805998,1.7,10.805998,76.6397294517093,1721.5212775764726
2025-08-24 02:00:00+07:00,15.0455,60,8.557102,1.9,8.557102,73.62997122390698,1854.877725297601
2025-08-24 03:00:00+07:00,14.1455,61,8.427383,2.2,8.427383,86.84928585114606,1766.627015968677
2025-08-24 04:00:00+07:00,12.7955,65,9.565437,2.4,9.565437,66.84867535430931,1494.202547841193
2025-08-24 05:00:00+07:00,12.0455,70,8.311245,2.3,8.311245,73.05780673555262,1602.6431876040556
2025-08-24 06:00:00+07:00,11.5955,72,8.12197,2.3,8.12197,74.1265371474243,1508.016302344838
2025-08-24 07:00:00+07:00,11.0955,73,7.5685663,2.4,7.5685663,79.93849946694492,1148.5566040017493
2025-08-24 08:00:00+07:00,10.9955,70,6.8399997,2.6,6.8399997,78.63688457616405,1171.7321248857854
2025-08-24 09:00:00+07:00,10.6455,78,7.2359104,3,7.2359104,65.44542801992745,1886.218328445591
2025-08-24 10:00:00+07:00,10.1455,85,8.669949,3,8.669949,74.71188395531024,1946.4815327790252
2025-08-24 11:00:00+07:00,9.6455,87,9.114471,3.3,9.114471,71.56881316922764,1278.9060878201642
2025-08-24 12:00:00+07:00,9.5455,88,9.028754,4.4,9.028754,91.49098229262059,1025.0398672448712
2025-08-24 13:00:00+07:00,10.2955,85,9.726665,5.3,9.726665,66.97225233849409,1481.1482871367919
2025-08-24 14:00:00+07:00,11.7455,79,11.901798,4.8,11.901798,75.67917130358867,1867.1676640569187
2025-08-24 15:00:00+07:00,13.5455,74,13.084402,3.7,13.084402,66.82945799702419,1669.0673140921017
2025-08-24 16:00:00+07:00,15.4955,60,15.725037,2.9,15.725037,86.7796195617193,1473.0986869096605
2025-08-24 17:00:00+07:00,17.1955,45,17.238699,2.2,17.238699,83.34114367658678,1249.7939869635893
2025-08-24 18:00:00+07:00,17.7955,42,17.58481,2.1,17.58481,66.15000122161268,1228.2969234585253
2025-08-24 19:00:00+07:00,18.7955,39,15.716793,2,15.716793,66.17761964929294,1241.3833610729462
2025-08-24 20:00:00+07:00,19.5455,37,15.990646,2.4,15.990646,94.17851811048914,1085.150030095343
2025-08-24 21:00:00+07:00,18.7955,42,12.413477,2.5,12.413477,89.63251802091851,1498.3211139128782
2025-08-24 22:00:00+07:00,18.845499,48,14.113653,2.8,14.113653,71.85136903241968,1991.557953540236
2025-08-24 23:00:00+07:00,18.0455,49,13.797912,3,13.797912,85.92555320264866,1182.7094599349698
2025-08-25 00:00:00+07:00,17.845499,53,12.371645,3.3,12.371645,72.64321480838069,1920.44077996975
2025-08-25 01:00:00+07:00,17.6455,54,13.627795,3.3,13.627795,71.36935558590424,1214.5755495658568
2025-08-25 02:00:00+07:00,16.9455,56,10.587917,3.5,10.587917,56.15820640429485,1883.4150244462337
2025-08-25 03:00:00+07:00,16.0455,62,9.72,3.6,9.72,64.15908028277804,1960.7019967770811
2025-08-25 04:00:00+07:00,15.3455,64,9.779817,3.5,9.779817,78.55300132169354,1153.6696694658447
2025-08-25 05:00:00+07:00,14.445499,68,9.0645685,3.6,9.0645685,83.95704997280212,1723.565007725351
2025-08-25 06:00:00+07:00,13.7455,70,8.707238,3.5,8.707238,71.79237551051598,1047.0336934606087
2025-08-25 07:00:00+07:00,13.0955,73,8.707238,3.6,8.707238,75.05653078298293,1700.670825645329
2025-08-25 08:00:00+07:00,12.445499,75,8.707238,3.4,8.707238,80.48703556235982,1196.241143765197
2025-08-25 09:00:00+07:00,11.7955,78,9.007196,3.7,9.007196,85.70653026443098,1125.725340595198
2025-08-25 10:00:00+07:00,11.3455,79,8.669949,4.4,8.669949,84.58609727444954,1614.1875823894188
2025-08-25 11:00:00+07:00,11.2455,80,9.028754,5,9.028754,71.58907832757887,1444.1292177596965
2025-08-25 12:00:00+07:00,11.5955,78,8.089993,4.5,8.089993,79.76637419566994,1914.4521285855365
2025-08-25 13:00:00+07:00,12.1455,80,9.3876505,5.7,9.3876505,68.19559790535749,1783.052711929045
2025-08-25 14:00:00+07:00,12.5455,79,8.647496,4.5,8.647496,66.00177993173611,1711.853653504002
2025-08-25 15:00:00+07:00,13.2955,77,9.449572,3.2,9.449572,80.5143962201336,1858.6649439089795
2025-08-25 16:00:00+07:00,14.945499,69,12.324414,3,12.324414,83.2193950399079,1758.4183587263205
2025-08-25 17:00:00+07:00,15.445499,65,12.371645,3.2,12.371645,96.24479646780536,1729.4509901033314
2025-08-25 18:00:00+07:00,16.9455,57,14.458382,3.4,14.458382,73.10864189200338,1892.4238531930664
2025-08-25 19:00:00+07:00,17.5455,54,14.241629,3.4,14.241629,69.61597783748148,1380.0443536329788
2025-08-25 20:00:00+07:00,18.6955,47,14.934577,3.3,14.934577,85.17992011721516,1057.9928560047108
2025-08-25 21:00:00+07:00,19.095499,47,15.725037,3.2,15.725037,84.49219676792431,1856.8759492709137
2025-08-25 22:00:00+07:00,19.4455,44,13.202726,3.7,13.202726,70.53600589636218,1545.7860300853968
2025-08-25 23:00:00+07:00,19.845499,42,11.792404,3.3,11.792404,60.49180013829193,1189.8486544303823
2025-08-26 00:00:00+07:00,19.595499,44,11.298495,3.7,11.298495,82.16772173437849,1757.0838611695563
2025-08-26 01:00:00+07:00,18.9455,48,5.154415,3.8,5.154415,81.91204080431203,1549.1527897096857
2025-08-26 02:00:00+07:00,18.2955,51,2.5455842,5,2.5455842,70.01666703086599,1090.6316146789638
2025-08-26 03:00:00+07:00,17.595499,54,2.16,5.7,2.16,94.07625484931792,1868.887373060341
2025-08-26 04:00:00+07:00,15.7955,68,3.096837,5.7,3.096837,74.4007924032853,1121.2944759132572
2025-08-26 05:00:00+07:00,15.195499,75,3.096837,5.5,3.096837,89.50707092353817,1390.0327945161723
2025-08-26 06:00:00+07:00,14.4955,79,4.0249224,5.7,4.0249224,81.44492043977603,1491.7439494526384
2025-08-26 07:00:00+07:00,12.7955,87,3.8773184,4.5,3.8773184,82.02665399387878,1073.071787839585
2025-08-26 08:00:00+07:00,12.695499,78,5.692099,4.7,5.692099,86.58971960151044,1217.1051616117093
2025-08-26 09:00:00+07:00,12.2955,76,5.495161,4.9,5.495161,73.31338432781097,1911.6396765899112
2025-08-26 10:00:00+07:00,11.695499,80,2.9024127,5.1,2.9024127,63.94519034195512,1015.9412332761528
2025-08-26 11:00:00+07:00,11.2955,81,4.6938252,5.3,4.6938252,71.68215977091921,1109.2237952100259
2025-08-26 12:00:00+07:00,11.0455,82,5.154415,6.6,5.154415,80.88488370658571,1966.99304665867
2025-08-26 13:00:00+07:00,11.945499,83,5.8048253,7.5,5.8048253,69.36518466401643,1754.0104502782801
2025-08-26 14:00:00+07:00,13.2455,79,7.342588,7.1,7.342588,77.11135724587183,1504.3926724162768
2025-08-26 15:00:00+07:00,14.8455,75,6.638072,6.8,6.638072,66.83338950834204,1314.1090098758605
2025-08-26 16:00:00+07:00,17.1955,64,8.669949,4.8,8.669949,86.27594100947952,1185.8941762127454
2025-08-26 17:00:00+07:00,18.5455,56,9.114471,4.3,9.114471,93.67536718801192,1581.5139318893669
2025-08-26 18:00:00+07:00,19.4955,51,8.049845,4.5,8.049845,78.51637753836398,1863.0379803732483
2025-08-26 19:00:00+07:00,20.345499,46,6.130579,4.6,6.130579,92.94947424303056,1792.500538107311
2025-08-26 20:00:00+07:00,20.9455,44,6.638072,4.8,6.638072,81.03512874471366,1857.794298328476
2025-08-26 21:00:00+07:00,21.4955,38,5.3517847,5,5.3517847,82.69984871990366,1126.4994089110364
2025-08-26 22:00:00+07:00,22.1455,39,4.1046314,5.2,4.1046314,72.51616454377282,1091.2899080742282
2025-08-26 23:00:00+07:00,22.2955,40,2.5455842,5.5,2.5455842,89.10422123551844,1049.1554928604687
2025-08-27 00:00:00+07:00,22.1455,39,4.2136917,5.5,4.2136917,75.10348087974481,1345.8804292199113
2025-08-27 01:00:00+07:00,21.6955,41,4.3498964,6.9,4.3498964,67.4347673094004,1388.7505608944539
2025-08-27 02:00:00+07:00,20.2955,43,7.928178,6.8,7.928178,87.24482058496623,1930.909344365422
2025-08-27 03:00:00+07:00,19.1955,51,7.072878,6.6,7.072878,71.39509194269883,1600.2225069450028
2025-08-27 04:00:00+07:00,18.0455,63,7.729527,6.5,7.729527,86.43309225941918,1080.1157932814153
2025-08-27 05:00:00+07:00,16.9955,66,7.8954163,6.5,7.8954163,68.2435021615015,1241.691331397061
2025-08-27 06:00:00+07:00,16.345499,68,8.0899935,6.4,8.0899935,77.32618941148577,1872.3085933006496
2025-08-27 07:00:00+07:00,15.945499,67,8.39657,5.7,8.39657,87.63455303671404,1215.5839177658047
2025-08-27 08:00:00+07:00,15.8455,65,7.4128532,5.8,7.4128532,85.0477045249641,1688.787751827305
2025-08-27 09:00:00+07:00,15.695499,65,8.14587,5.9,8.14587,73.25681014128338,1828.996905788887
2025-08-27 10:00:00+07:00,15.6455,66,8.049845,6.3,8.049845,86.13804177699438,1370.8351556699013
2025-08-27 11:00:00+07:00,15.3455,66,8.427383,7,8.427383,73.30170849678505,1250.8850297838906
2025-08-27 12:00:00+07:00,15.0955,67,10.883676,7.6,10.883676,77.75822606497373,1872.040324005975
2025-08-27 13:00:00+07:00,15.945499,64,9.957108,7.7,9.957108,69.980899727324,1060.654758639418
2025-08-27 14:00:00+07:00,17.0455,62,9.931042,7.4,9.931042,81.71962012715123,1008.2809939019575
2025-08-27 15:00:00+07:00,18.5455,60,9.449572,7.3,9.449572,83.18770623779959,1004.8054404676875
2025-08-27 16:00:00+07:00,20.0455,55,9.931042,6.9,9.931042,74.50066582241101,1740.7259870719154
2025-08-27 17:00:00+07:00,21.7955,52,10.799999,7.7,10.799999,85.30242790679038,1972.8741405318415
2025-08-27 18:00:00+07:00,23.7955,48,12.768586,8.4,12.768586,68.1664191683244,1060.1018098967174
2025-08-27 19:00:00+07:00,25.6455,47,10.365251,8.5,10.365251,78.27308086222502,1151.8399204655066
2025-08-27 20:00:00+07:00,27.2955,48,13.138765,8.7,13.138765,83.73032136926082,1633.9588263014853
2025-08-27 21:00:00+07:00,28.7455,41,11.384199,9.2,11.384199,91.26509966618862,1061.8133298960252
2025-08-27 22:00:00+07:00,29.1955,38,10.464797,9.4,10.464797,84.27007059707874,1143.834081236962
2025-08-27 23:00:00+07:00,29.2455,36,8.913181,10.3,8.913181,72.99259684812475,1630.3169932267913
2025-08-28 00:00:00+07:00,28.5455,33,7.5599995,10.6,7.5599995,82.85963588574896,1337.231850134397
2025-08-28 01:00:00+07:00,27.4955,37,3.4152596,11.1,3.4152596,77.1941932078873,1449.9306860386941
2025-08-28 02:00:00+07:00,26.1955,43,3.5455887,12.1,3.5455887,94.62023821457578,1753.844901360529
2025-08-28 03:00:00+07:00,23.595499,62,6.0347,11.6,6.0347,89.00357444759614,1279.299706810736
2025-08-28 04:00:00+07:00,22.6955,68,7.42159,11.9,7.42159,68.83167001425691,1057.9870384690478
2025-08-28 05:00:00+07:00,21.9455,70,7.7043357,12.1,7.7043357,84.01097145424957,1310.2166279124344
2025-08-28 06:00:00+07:00,21.4955,73,10.829959,11.6,10.829959,78.9790545188001,1069.90463951935
2025-08-28 07:00:00+07:00,19.0455,86,1.9386592,11.1,1.9386592,67.4824550310811,1032.432519113733
2025-08-28 08:00:00+07:00,19.345499,85,4.39436,10.5,4.39436,78.8322123678672,1439.4568467117188
2025-08-28 09:00:00+07:00,19.0455,89,5.634891,10.1,5.634891,89.16170791211029,1250.502412039237
2025-08-28 10:00:00+07:00,18.4455,94,6.519877,9.2,6.519877,80.90873748636218,1911.4358314538904
2025-08-28 11:00:00+07:00,18.1455,94,5.692099,8.7,5.692099,69.84644934130478,1145.2385860770094
2025-08-28 12:00:00+07:00,18.1455,93,5.3999996,11.8,5.3999996,93.61749392822173,1888.949795115892
2025-08-28 13:00:00+07:00,18.595499,89,5.1165614,13.6,5.1165614,71.72043318222806,1899.374039693182
2025-08-28 14:00:00+07:00,19.4955,84,6.638072,14,6.638072,78.84560725498649,1933.022911782375
2025-08-28 15:00:00+07:00,20.2955,81,3.8268526,12.2,3.8268526,73.12301845544222,1353.9164908148055
2025-08-28 16:00:00+07:00,20.7455,80,1.8,11.6,1.8,63.87007076935118,1697.483282587737
2025-08-28 17:00:00+07:00,20.8955,83,6.379216,11.2,6.379216,79.85590094565664,1396.999365067413
2025-08-28 18:00:00+07:00,20.1955,90,8.217153,11.1,8.217153,87.41590659136119,1531.354851435157
2025-08-28 19:00:00+07:00,20.4455,89,7.9036193,11.6,7.9036193,78.57276368394248,1184.3206353547969
2025-08-28 20:00:00+07:00,21.2955,84,4.452954,10.3,4.452954,91.41236536705473,1415.155001179277
2025-08-28 21:00:00+07:00,22.0455,78,4.5820518,9.1,4.5820518,81.73188628959403,1899.0758644576242
2025-08-28 22:00:00+07:00,21.2455,80,4.6938252,8.6,4.6938252,79.16418646600803,1796.8071571471378
2025-08-28 23:00:00+07:00,20.6455,84,5.8048253,8.4,5.8048253,86.15217410784291,1089.512707222751
2025-08-29 00:00:00+07:00,20.2455,87,4.1046314,8,4.1046314,81.36888676528652,1745.3950275942038
2025-08-29 01:00:00+07:00,20.0455,87,5.8603754,6.6,5.8603754,71.93956193748485,1142.3236469325589
2025-08-29 02:00:00+07:00,19.595499,91,4.829907,6.5,4.829907,99.20111959032309,1463.830142637306
2025-08-29 03:00:00+07:00,19.345499,93,5.506941,5.6,5.506941,63.12270832376059,1603.331728444837
2025-08-29 04:00:00+07:00,19.1455,95,6.439876,8.7,6.439876,81.98142865281332,1121.270733831375
2025-08-29 05:00:00+07:00,18.845499,95,6.28713,7.7,6.28713,80.25248579416566,1922.0986385666745
2025-08-29 06:00:00+07:00,18.595499,95,6.0347,8.7,6.0347,71.29929557890472,1562.6039328584338
2025-08-29 07:00:00+07:00,18.5455,97,5.0142193,8.7,5.0142193,88.01461174915498,1329.9788443468512
2025-08-29 08:00:00+07:00,18.2955,98,3.219938,8.7,3.219938,66.26932558409561,1798.355879296016
2025-08-29 09:00:00+07:00,18.1955,98,3.8939953,9.1,3.8939953,82.2669388259017,1409.0517201384646
2025-08-29 10:00:00+07:00,18.095499,99,5.315336,9.7,5.315336,87.04307524865446,1766.3201904293587
2025-08-29 11:00:00+07:00,18.0455,98,2.1897945,9.3,2.1897945,77.37513106047973,1861.4750865389126
2025-08-29 12:00:00+07:00,17.9455,98,4.0249224,10.4,4.0249224,65.98179416664804,1157.145018151006
2025-08-29 13:00:00+07:00,18.2455,95,3.6,11.3,3.6,60.541459621843586,1855.5026675111033
2025-08-29 14:00:00+07:00,18.6455,92,2.9024127,11.1,2.9024127,92.04714123962164,1774.5115668553315
2025-08-29 15:00:00+07:00,18.7455,86,4.6800003,9.1,4.6800003,85.23654873673894,1210.743887940734
2025-08-29 16:00:00+07:00,18.9955,85,3.319036,8.4,3.319036,64.86892378660065,1104.3294468848321
2025-08-29 17:00:00+07:00,19.095499,86,7.208994,9.3,7.208994,65.37884108866804,1103.331647162755
2025-08-29 18:00:00+07:00,19.095499,86,6.8399997,8.5,6.8399997,88.69140252262352,1915.3648704911607
2025-08-29 19:00:00+07:00,18.9455,86,4.896529,8,4.896529,86.91937064261256,1419.5041176597545
2025-08-29 20:00:00+07:00,19.4955,82,4.3349743,7.8,4.3349743,83.90650416809571,1603.5759297573627
2025-08-29 21:00:00+07:00,20.1455,77,4.6102495,7.2,4.6102495,74.11456005939908,1499.924579453643
2025-08-29 22:00:00+07:00,21.345499,71,5.8048253,6.7,5.8048253,83.89109970828049,1568.7501083931695
2025-08-29 23:00:00+07:00,21.1455,74,6.0347,8.3,6.0347,71.04837024273033,1709.3905444640718
2025-08-30 00:00:00+07:00,20.9455,74,5.6233797,7.7,5.6233797,81.67675119829586,1493.8249195911833
2025-08-30 01:00:00+07:00,20.3955,78,5.1544156,6.9,5.1544156,85.43330464899245,1514.5333627945024
2025-08-30 02:00:00+07:00,19.6455,85,4.3349743,7.4,4.3349743,71.31149601141918,1979.749395852546
2025-08-30 03:00:00+07:00,18.9955,89,5.692099,7.9,5.692099,71.59494171654234,1828.6860364040413
2025-08-30 04:00:00+07:00,17.8955,95,5.1919937,7.7,5.1919937,66.63194054734754,1312.015354421691
2025-08-30 05:00:00+07:00,17.345499,96,4.8965297,7.4,4.8965297,78.85915530885171,1833.3682411661823
2025-08-30 06:00:00+07:00,16.845499,96,3.319036,6.9,3.319036,82.06410931182897,1394.596753319072
2025-08-30 07:00:00+07:00,15.8455,100,3.7064266,7.6,3.7064266,73.07513597606074,1938.017891148901
2025-08-30 08:00:00+07:00,15.5955,100,2.0991426,8,2.0991426,79.16619554654747,1659.906260243137
2025-08-30 09:00:00+07:00,15.445499,100,3.8939953,9,3.8939953,72.79751943176964,1446.904014175665
2025-08-30 10:00:00+07:00,15.5455,99,6.638072,9.8,6.638072,66.47763445626643,1838.9723265085295
2025-08-30 11:00:00+07:00,15.2955,100,4.379589,9.6,4.379589,72.80385072265209,1859.3921330518328
2025-08-30 12:00:00+07:00,15.4955,98,3.8939953,10.6,3.8939953,76.06738490848045,1462.9856749718806
2025-08-30 13:00:00+07:00,16.2955,97,3.319036,12.6,3.319036,67.98375026133883,1698.6343647631584
2025-08-30 14:00:00+07:00,17.2955,91,4.198285,12.4,4.198285,81.38657107491966,1992.6197087601254
2025-08-30 15:00:00+07:00,18.9455,78,6.763786,9.6,6.763786,83.25094380654245,1221.2270923756796
2025-08-30 16:00:00+07:00,20.1955,70,9.531505,8.3,9.531505,67.17457319395716,1427.662529539753
2025-08-30 17:00:00+07:00,20.7455,69,9.885262,6.9,9.885262,67.26120660342814,1629.2869753530042
2025-08-30 18:00:00+07:00,21.3955,64,10.182337,6.1,10.182337,80.34560178833401,1781.9840715868645
2025-08-30 19:00:00+07:00,22.845499,55,10.829958,5.4,10.829958,77.04056884934522,1254.55319704182
2025-08-30 20:00:00+07:00,22.9955,56,10.483357,4.6,10.483357,95.40295968910219,1624.0143073879453
2025-08-30 21:00:00+07:00,23.095499,55,10.239453,3.8,10.239453,67.29060455788681,1696.3951835511825
2025-08-30 22:00:00+07:00,23.2955,52,8.209263,3.5,8.209263,86.07540331472565,1010.2717091991293
2025-08-30 23:00:00+07:00,23.1455,55,8.473393,3.7,8.473393,91.0071222812532,1693.7589512808463
2025-08-31 00:00:00+07:00,22.7955,53,7.2805495,4,7.2805495,66.91801210715869,1226.6708122120035
2025-08-31 01:00:00+07:00,22.1455,54,3.8268526,4.5,3.8268526,67.80192844905321,1007.7091089431091
2025-08-31 02:00:00+07:00,21.595499,58,2.5959969,5,2.5959969,72.79116253829804,1185.3908267668967
2025-08-31 03:00:00+07:00,20.6455,63,3.6,5.6,3.6,73.71892622999403,1703.8443100476263
2025-08-31 04:00:00+07:00,18.7955,81,4.379589,6.9,4.379589,73.95422052947721,1474.6458420330468
2025-08-31 05:00:00+07:00,17.9955,82,3.6,7.4,3.6,79.62397199797275,1490.1453193710336
2025-08-31 06:00:00+07:00,17.345499,81,3.0547013,7.2,3.0547013,88.68436418642132,1594.4234097990452
2025-08-31 07:00:00+07:00,15.7955,89,2.7416782,6.9,2.7416782,81.29991310728172,1886.0887956467052
2025-08-31 08:00:00+07:00,15.445499,87,2.3051248,6.8,2.3051248,70.67916601591584,1452.7264027226481
2025-08-31 09:00:00+07:00,14.7955,90,3.319036,7,3.319036,65.17124623925778,1504.0298871143814
2025-08-31 10:00:00+07:00,14.2455,92,3.096837,7.7,3.096837,63.86954231299019,1297.6386924929793
2025-08-31 11:00:00+07:00,13.9955,90,3.563818,7.7,3.563818,76.93700355293326,1898.1754808993956
2025-08-31 12:00:00+07:00,13.7955,89,4.379589,8.5,4.379589,77.43531155028174,1881.7402531544512
2025-08-31 13:00:00+07:00,14.4955,86,4.6938252,8.9,4.6938252,77.03777489000016,1366.2069473305537
2025-08-31 14:00:00+07:00,16.1955,78,5.937272,8,5.937272,61.4988615645802,1318.1843880881502
2025-08-31 15:00:00+07:00,18.3955,72,5.8048253,7.4,5.8048253,87.8886308127343,1098.4957876521805
2025-08-31 16:00:00+07:00,20.7955,62,5.4119864,5.2,5.4119864,61.89641476528576,1586.2845222313179
2025-08-31 17:00:00+07:00,22.5455,55,6.849467,4.6,6.849467,94.62784881900978,1751.0716085662878
2025-08-31 18:00:00+07:00,23.6455,52,7.9932976,4,7.9932976,77.22028479810245,1221.6186303175466
2025-08-31 19:00:00+07:00,24.4955,45,9.028754,3.8,9.028754,68.5608633379115,1994.8532337170177
2025-08-31 20:00:00+07:00,24.9955,41,9.0645685,3.7,9.0645685,73.59698894167262,1916.2943137907896
2025-08-31 21:00:00+07:00,25.2455,39,9.178235,3.6,9.178235,77.94474788452226,1648.500812815325
2025-08-31 22:00:00+07:00,25.595499,36,9.028754,3.6,9.028754,69.71608824565111,1485.2104865274991
2025-08-31 23:00:00+07:00,25.7455,35,6.28713,4,6.28713,92.01258748997904,1040.028114889546
2025-09-01 00:00:00+07:00,25.1455,37,8.435069,4.4,8.435069,83.41231082362565,1398.6956870566562
2025-09-01 01:00:00+07:00,24.2455,41,5.991594,4.8,5.991594,82.21564364553204,1907.7603077447377
2025-09-01 02:00:00+07:00,22.3955,52,6.489992,5,6.489992,78.21117089032514,1995.022125751578
2025-09-01 03:00:00+07:00,21.095499,55,7.172949,5,7.172949,78.1360012561382,1241.4137405080576
2025-09-01 04:00:00+07:00,19.7455,69,7.24486,5,7.24486,70.75779856628381,1507.616993283496
2025-09-01 05:00:00+07:00,18.9455,70,7.8954163,5.3,7.8954163,84.90688052458705,1124.7089745260366
2025-09-01 06:00:00+07:00,18.2455,70,7.729527,5.7,7.729527,83.57237385867964,1000.5126606747407
2025-09-01 07:00:00+07:00,17.345499,73,6.489992,7.2,6.489992,70.11778994803151,1675.2911010664516
2025-09-01 08:00:00+07:00,16.8955,75,6.4096174,7.8,6.4096174,81.28468117700135,1710.7150436173274
2025-09-01 09:00:00+07:00,16.4455,78,8.049845,8.2,8.049845,71.89785867504911,1360.0199270401927
2025-09-01 10:00:00+07:00,15.7955,75,8.766573,8.6,8.766573,78.21271299674177,1014.006524507023
2025-09-01 11:00:00+07:00,15.2455,79,8.225035,8.9,8.225035,67.07114719268937,1103.7505725209483
2025-09-01 12:00:00+07:00,14.8955,83,8.557102,9.3,8.557102,79.52856103834532,1628.923441792846
2025-09-01 13:00:00+07:00,15.8455,81,7.10031,10.1,7.10031,83.78413525306924,1862.3431226463244
2025-09-01 14:00:00+07:00,18.0455,74,7.9932966,8.5,7.9932966,81.52320357960576,1270.2058353424252
2025-09-01 15:00:00+07:00,20.4955,67,9.178235,7.7,9.178235,66.46316709527558,1693.3374322192112
2025-09-01 16:00:00+07:00,23.0455,58,11.212135,7,11.212135,81.99562721027641,1347.9548470290288
2025-09-01 17:00:00+07:00,24.6955,51,12.031756,7.2,12.031756,70.23880499853406,1462.7077298576767
2025-09-01 18:00:00+07:00,25.595499,48,12.682018,7.5,12.682018,77.77802650109714,1342.9586094476686
2025-09-01 19:00:00+07:00,26.2955,44,12.864649,7.7,12.864649,77.80850874093727,1554.4354666776753
2025-09-01 20:00:00+07:00,27.1455,40,9.346143,7.7,9.346143,85.28188329910856,1396.9485047991752
2025-09-01 21:00:00+07:00,27.4455,37,11.113451,7.9,11.113451,81.99774141424908,1113.794778699982
2025-09-01 22:00:00+07:00,27.2955,40,8.64,7.7,8.64,69.42614283102364,1606.2067129262512
2025-09-01 23:00:00+07:00,26.9955,40,8.350138,7.5,8.350138,57.96891358645942,1717.0324142051093
2025-09-02 00:00:00+07:00,26.4955,43,7.5685663,7.4,7.5685663,70.76654655668561,1399.4593784724293
2025-09-02 01:00:00+07:00,25.6455,48,11.874544,7.4,11.874544,84.2199784977911,1934.205054938674
2025-09-02 02:00:00+07:00,22.1455,60,10.799999,8,10.799999,74.60538130681516,1952.454394398429
2025-09-02 03:00:00+07:00,21.345499,65,7.729527,9,7.729527,91.1199805367326,1882.757271034553
2025-09-02 04:00:00+07:00,20.6955,69,8.766573,9.5,8.766573,69.31099720502277,1964.8814633585446
2025-09-02 05:00:00+07:00,19.595499,78,9.605998,9.5,9.605998,88.32121632344422,1603.6132386863942
2025-09-02 06:00:00+07:00,18.7955,83,8.534353,9.6,8.534353,70.72099946849724,1066.921262282943
2025-09-02 07:00:00+07:00,18.595499,86,6.297428,8.5,6.297428,75.04311860015694,1855.556819047234
2025-09-02 08:00:00+07:00,18.3955,87,3.7064266,9.6,3.7064266,85.45715502934821,1491.6401565478159
2025-09-02 09:00:00+07:00,18.1455,88,6.489992,8,6.489992,69.00907714924305,1680.8204329727369
2025-09-02 10:00:00+07:00,17.845499,90,5.4477882,8.3,5.4477882,63.58213875013972,1290.2869576192677
2025-09-02 11:00:00+07:00,17.6955,90,4.68,7.9,4.68,78.28346941614889,1102.3453433743102
2025-09-02 12:00:00+07:00,17.3955,91,5.771239,7.3,5.771239,93.9589445168873,1848.4964618072474
2025-09-02 13:00:00+07:00,17.0455,93,6.12,7.8,6.12,74.99537375055203,1524.5441623420181
2025-09-02 14:00:00+07:00,17.2455,90,5.6920996,7.9,5.6920996,87.42146757160002,1929.1575287185533
2025-09-02 15:00:00+07:00,17.6455,89,5.4477882,8.4,5.4477882,75.57152420533848,1861.606294278689
2025-09-02 16:00:00+07:00,17.345499,84,4.8965297,8.6,4.8965297,70.46552358032476,1465.6281280736237
2025-09-02 17:00:00+07:00,17.1955,83,4.896529,7.4,4.896529,75.27844823561392,1709.0519420326236
2025-09-02 18:00:00+07:00,17.7455,82,2.9024127,6.7,2.9024127,80.1690478981595,1122.639704977301
2025-09-02 19:00:00+07:00,18.4955,79,3.6,6.4,3.6,78.62040300283796,1709.6520699709004
2025-09-02 20:00:00+07:00,20.345499,67,4.8433046,5.1,4.8433046,97.77348781754034,1263.0445996568965
2025-09-02 21:00:00+07:00,20.9955,65,6.9527545,5.1,6.9527545,79.54992427809216,1303.0094985812095
2025-09-02 22:00:00+07:00,20.5455,75,7.968939,5.2,7.968939,82.5582035943768,1913.0648702007488
2025-09-02 23:00:00+07:00,20.8955,72,8.707238,5.2,8.707238,69.58620609341473,1546.3106097718878
2025-09-03 00:00:00+07:00,20.595499,74,8.557102,5.3,8.557102,82.9555569393591,1003.9415131965022
2025-09-03 01:00:00+07:00,19.9955,79,8.311245,6.1,8.311245,83.34177681903425,1931.659917027486
2025-09-03 02:00:00+07:00,19.1455,84,7.754637,7.1,7.754637,77.12419833394712,1551.590740866935
2025-09-03 03:00:00+07:00,18.6455,87,9.346143,8.3,9.346143,81.39080270633778,1584.0089403024983
2025-09-03 04:00:00+07:00,18.0455,91,8.669949,8.9,8.669949,80.91405726325533,1639.4894272318304
2025-09-03 05:00:00+07:00,18.0455,84,6.924738,9,6.924738,81.62875782723093,1256.691201874152
2025-09-03 06:00:00+07:00,17.4955,83,5.8048253,9.2,5.8048253,84.06315253230775,1085.0217023667071
2025-09-03 07:00:00+07:00,16.6455,85,4.8433046,10,4.8433046,77.26334147173574,1186.6959240052472
2025-09-03 08:00:00+07:00,16.0455,87,6.193674,9.6,6.193674,65.4106623314997,1616.6195814420876
2025-09-03 09:00:00+07:00,15.6455,87,4.829907,9.2,4.829907,67.22824139994246,1949.292151416605
2025-09-03 10:00:00+07:00,14.8455,88,5.0911684,8.7,5.0911684,85.58282095046387,1036.3701486542734
2025-09-03 11:00:00+07:00,14.2955,90,5.4119864,8.4,5.4119864,67.84233024062135,1362.5829644359694
2025-09-03 12:00:00+07:00,14.0455,89,5.4119864,9.9,5.4119864,86.92061127676786,1303.715986305891
2025-09-03 13:00:00+07:00,14.5455,86,5.771239,10.8,5.771239,63.978617564810655,1066.2763523398298
2025-09-03 14:00:00+07:00,15.945499,82,7.2,9.5,7.2,69.70390192254267,1624.0871555656931
2025-09-03 15:00:00+07:00,18.1455,76,10.182337,7.5,10.182337,77.93189649527889,1105.1100739743417
2025-09-03 16:00:00+07:00,20.3955,67,11.720751,6.3,11.720751,79.51141827944035,1739.7818163708139
2025-09-03 17:00:00+07:00,21.9955,59,12.303366,5.2,12.303366,83.98375304279631,1706.9192054135538
2025-09-03 18:00:00+07:00,23.2455,52,15.84,4.9,15.84,76.87445075421458,1149.4989109502226
2025-09-03 19:00:00+07:00,23.5455,46,14.917212,4.2,14.917212,84.75911327289828,1882.687155607664
2025-09-03 20:00:00+07:00,24.0455,46,13.339445,4.5,13.339445,64.29007163380574,1573.0941604262343
2025-09-03 21:00:00+07:00,23.9955,49,15.141414,4.7,15.141414,70.31639320798583,1710.2788432186203
2025-09-03 22:00:00+07:00,24.345499,46,17.651016,4.8,17.651016,77.43243518171313,1981.6800071976988
2025-09-03 23:00:00+07:00,23.8955,51,11.966953,5,11.966953,70.54726071124931,1702.6894656472455
2025-09-04 00:00:00+07:00,23.5455,52,9.746631,5.1,9.746631,62.90256674535729,1711.5723625146377
2025-09-04 01:00:00+07:00,22.5455,56,8.557102,5.4,8.557102,70.17027035788999,1169.2609232434372
2025-09-04 02:00:00+07:00,21.4455,62,7.172949,5.5,7.172949,64.79217173104597,1991.1316627324818
2025-09-04 03:00:00+07:00,20.7955,61,8.209263,5.4,8.209263,75.91140009003787,1690.3909483172151
2025-09-04 04:00:00+07:00,19.6455,68,8.311245,5.6,8.311245,82.73357614484655,1110.9481126397814
2025-09-04 05:00:00+07:00,19.0455,69,8.707238,5.6,8.707238,77.76876946613743,1330.6715682339523
2025-09-04 06:00:00+07:00,18.4455,72,7.928178,5.3,7.928178,82.7662831291561,1827.1702492842928
2025-09-04 07:00:00+07:00,17.7455,76,7.5685663,5,7.5685663,62.81838028250851,1173.85497575516
2025-09-04 08:00:00+07:00,17.2955,78,7.771331,5,7.771331,75.72856416541613,1022.7184644643678
2025-09-04 09:00:00+07:00,17.0455,80,8.311245,5,8.311245,67.2628691128189,1199.4356512518123
2025-09-04 10:00:00+07:00,16.7955,79,7.968939,5.2,7.968939,76.19931216944339,1868.221293134754
2025-09-04 11:00:00+07:00,16.595499,80,7.8625183,5.8,7.8625183,68.33142349404177,1982.0003047457399
2025-09-04 12:00:00+07:00,16.4455,81,7.8954163,7.2,7.8954163,78.51244626151973,1490.274452070545
2025-09-04 13:00:00+07:00,16.8955,80,8.12197,7.3,8.12197,79.21063420495611,1087.803992387174
2025-09-04 14:00:00+07:00,18.4455,75,7.208994,7.3,7.208994,83.16661078240935,1318.3887730555107
2025-09-04 15:00:00+07:00,20.7455,68,8.825508,6.9,8.825508,68.44765376611637,1545.8407225394853
2025-09-04 16:00:00+07:00,23.095499,59,7.8625183,7.1,7.8625183,76.37434527048943,1324.0818235151141
2025-09-04 17:00:00+07:00,24.7455,53,9.085988,6.6,9.085988,74.83286862689855,1950.8817054842834
2025-09-04 18:00:00+07:00,25.9455,48,9.19939,5.9,9.19939,85.39366027138668,1083.1065797222855
2025-09-04 19:00:00+07:00,26.4955,46,12.7279215,5.9,12.7279215,79.2849224435124,1236.9237380711902
2025-09-04 20:00:00+07:00,26.8955,45,11.165805,5.9,11.165805,71.94351918783443,1726.351073431968
2025-09-04 21:00:00+07:00,27.3955,43,11.503113,5.8,11.503113,66.26580446654819,1004.4546952832286
2025-09-04 22:00:00+07:00,27.4955,43,12.303366,5.9,12.303366,74.84384965506081,1832.676208336783
2025-09-04 23:00:00+07:00,27.3955,40,10.805998,6.4,10.805998,82.97112009264806,1074.650350845818
2025-09-05 00:00:00+07:00,26.8955,39,6.638072,6.7,6.638072,77.9426406626892,1139.8048091007458
2025-09-05 01:00:00+07:00,25.5455,52,3.9763298,7.2,3.9763298,71.9985488138216,1895.410129718397
2025-09-05 02:00:00+07:00,24.2455,62,3.8939953,7.2,3.8939953,58.09700995500931,1901.629420494441
2025-09-05 03:00:00+07:00,23.345499,63,4.2136917,7.3,4.2136917,57.28563889293863,1013.748554523694
2025-09-05 04:00:00+07:00,21.9455,76,5.634891,7.5,5.634891,88.21238718682275,1868.4034637163336
2025-09-05 05:00:00+07:00,21.6455,74,4.896529,7.8,4.896529,69.10618926694599,1122.1853122157768
2025-09-05 06:00:00+07:00,21.2955,74,4.6938252,8.8,4.6938252,80.22231202363872,1861.2309454808085
2025-09-05 07:00:00+07:00,20.6955,78,7.289444,7.9,7.289444,77.91203359869158,1888.5054968539644
2025-09-05 08:00:00+07:00,20.4455,78,6.696387,7.4,6.696387,83.0243540344661,1838.1501437300249
2025-09-05 09:00:00+07:00,20.0455,76,11.609651,7.1,11.609651,89.10913858582384,1868.6314208631666
2025-09-05 10:00:00+07:00,18.2955,84,18.733839,5,18.733839,72.97899309283271,1767.1412784460063
2025-09-05 11:00:00+07:00,17.845499,87,11.119281,4.1,11.119281,74.44558893131881,1463.6691276697966
2025-09-05 12:00:00+07:00,17.8955,85,8.287822,4.3,8.287822,75.46514844676668,1672.2585603454854
2025-09-05 13:00:00+07:00,17.8955,86,7.289445,5.8,7.289445,82.22345612034907,1666.8776360985362
2025-09-05 14:00:00+07:00,17.4955,90,7.7879906,4.9,7.7879906,77.53640850335813,1421.9714508311395
2025-09-05 15:00:00+07:00,17.845499,87,9.085988,4.5,9.085988,76.66682705524279,1785.8436587150009
2025-09-05 16:00:00+07:00,18.4955,81,10.630672,4.4,10.630672,63.29028849358993,1657.0048292945312
2025-09-05 17:00:00+07:00,18.9955,78,11.440979,3.9,11.440979,76.08034762829266,1708.9568652297933
2025-09-05 18:00:00+07:00,19.2455,79,9.885262,3.3,9.885262,83.50109663171298,1099.8613406477427
2025-09-05 19:00:00+07:00,18.2455,82,15.328561,3.2,15.328561,79.40597494954525,1724.907510968152
2025-09-05 20:00:00+07:00,18.7955,74,15.379206,3.8,15.379206,71.40115269753504,1305.2667765246792
2025-09-05 21:00:00+07:00,19.2955,70,10.8955765,3.4,10.8955765,67.62811061570734,1444.8862756962283
2025-09-05 22:00:00+07:00,20.4955,65,10.041354,3.2,10.041354,81.04818095914119,1458.9246504794812
2025-09-05 23:00:00+07:00,20.7455,62,10.086427,4.1,10.086427,71.22118707426318,1086.861527575797
2025-09-06 00:00:00+07:00,20.6955,60,7.9036193,5.6,7.9036193,61.69541944263317,1903.8535359194352
2025-09-06 01:00:00+07:00,20.1955,63,4.73506,5.8,4.73506,75.26679366638521,1453.3475716295661
2025-09-06 02:00:00+07:00,19.5455,70,4.6938252,6.1,4.6938252,83.44635557416105,1028.011827966298
2025-09-06 03:00:00+07:00,18.7455,72,5.4477882,6.2,5.4477882,73.70147658568817,1730.0930290829883
2025-09-06 04:00:00+07:00,17.4955,76,8.049845,6.3,8.049845,77.62714607009033,1295.650969660052
2025-09-06 05:00:00+07:00,16.8955,80,7.127636,6.1,7.127636,77.45296107402339,1263.8927900668484
2025-09-06 06:00:00+07:00,16.2955,81,8.209263,5.5,8.209263,80.98899707324453,1095.5688735302724
2025-09-06 07:00:00+07:00,15.5955,82,7.491114,5.4,7.491114,87.70922567050178,1145.1481893586256
2025-09-06 08:00:00+07:00,15.0455,85,8.217153,5.4,8.217153,83.50179530846134,1733.4801540112107
2025-09-06 09:00:00+07:00,14.695499,85,6.763786,5.5,6.763786,60.39699944712779,1240.7475565019818
2025-09-06 10:00:00+07:00,14.3955,88,7.2,5.8,7.2,89.06661082391325,1504.0624295742311
2025-09-06 11:00:00+07:00,14.1455,87,5.991594,6.2,5.991594,84.99430221637239,1194.277633943597
2025-09-06 12:00:00+07:00,13.7955,88,7.42159,6.8,7.42159,79.55022187464053,1623.9873673577154
2025-09-06 13:00:00+07:00,13.7455,87,6.1305785,7.5,6.1305785,76.85500688033403,1056.6581369530395
2025-09-06 14:00:00+07:00,14.7455,83,7.289445,7.2,7.289445,72.36662633566371,1537.5546362743803
2025-09-06 15:00:00+07:00,16.2955,78,7.7879906,5.6,7.7879906,79.43030091050638,1300.1839493424684
2025-09-06 16:00:00+07:00,17.9955,70,6.1305785,4.7,6.1305785,85.1266719907273,1835.3481353975162
2025-09-06 17:00:00+07:00,19.4455,59,8.669949,4.2,8.669949,72.59865350688159,1677.1609796935572
2025-09-06 18:00:00+07:00,20.1955,54,8.404285,3.8,8.404285,77.66773981239143,1615.6358905756006
2025-09-06 19:00:00+07:00,20.8955,49,7.42159,3.6,7.42159,56.03816283332214,1889.1150809126198
2025-09-06 20:00:00+07:00,21.2455,48,8.14587,3.8,8.14587,73.15360829787224,1545.9102775578117
2025-09-06 21:00:00+07:00,21.345499,49,7.7043357,3.8,7.7043357,75.69639299898678,1968.0387169273513
2025-09-06 22:00:00+07:00,21.7955,44,8.854829,3.9,8.854829,90.3816456495203,1025.7705959837635
2025-09-06 23:00:00+07:00,21.7955,42,7.968939,4.3,7.968939,64.05448532882963,1022.281147275575
2025-09-07 00:00:00+07:00,21.1455,45,6.989936,4.4,6.989936,62.863458827698935,1525.6152138190907
2025-09-07 01:00:00+07:00,20.4955,49,4.6102495,4.7,4.6102495,69.78902812684966,1176.2101901859382
2025-09-07 02:00:00+07:00,19.1955,63,4.6800003,6.1,4.6800003,85.05730518930991,1899.808086359512
2025-09-07 03:00:00+07:00,18.1955,68,5.4477882,6.7,5.4477882,83.88917674427188,1220.5471326051625
2025-09-07 04:00:00+07:00,17.095499,77,5.4477882,7,5.4477882,79.80724747202207,1460.1807609653201
2025-09-07 05:00:00+07:00,16.1955,78,5.6920996,6.5,5.6920996,62.74215841892026,1586.373926537733
2025-09-07 06:00:00+07:00,15.5955,78,5.506941,6.1,5.506941,81.94478362883896,1551.5955996305945
2025-09-07 07:00:00+07:00,14.6455,84,4.6800003,5.7,4.6800003,86.11226292148204,1779.4685814399024
2025-09-07 08:00:00+07:00,14.3455,85,3.9763298,5.9,3.9763298,76.39956057610658,1378.7039412320985
2025-09-07 09:00:00+07:00,13.9955,86,5.4477882,6.1,5.4477882,74.36226287849098,1421.5076717624913
2025-09-07 10:00:00+07:00,12.945499,93,2.9024127,6.9,2.9024127,74.8163318897396,1816.3236260804783
2025-09-07 11:00:00+07:00,12.7955,93,5.0911684,7.8,5.0911684,75.96073209963497,1065.8884453083072
2025-09-07 12:00:00+07:00,12.3455,94,3.7585104,8.3,3.7585104,74.44139857203474,1370.4492563930437
2025-09-07 13:00:00+07:00,12.695499,93,3.7585104,8.3,3.7585104,62.112135804864955,1769.0891962419578
2025-09-07 14:00:00+07:00,14.3455,84,4.3349743,8.7,4.3349743,92.77187827251257,1359.1804888452793
2025-09-07 15:00:00+07:00,16.595499,73,6.87779,5.9,6.87779,80.91361624369979,1935.593888607557
2025-09-07 16:00:00+07:00,19.0455,63,7.5942073,5.5,7.5942073,67.39138576705781,1685.5999473008828
2025-09-07 17:00:00+07:00,20.3955,55,8.707238,5,8.707238,75.60212741214488,1818.6934746895922
2025-09-07 18:00:00+07:00,21.095499,49,7.9526596,4.6,7.9526596,76.45718676536139,1665.085179709987
2025-09-07 19:00:00+07:00,21.7955,45,8.473393,4.1,8.473393,81.26777861557825,1948.432110328306
2025-09-07 20:00:00+07:00,22.2455,45,8.825508,3.7,8.825508,91.14991229515994,1372.9346071815594
2025-09-07 21:00:00+07:00,22.595499,41,11.269782,3.3,11.269782,79.69723688154224,1006.2276704100132
2025-09-07 22:00:00+07:00,22.4955,39,10.739833,3.5,10.739833,73.88836804426923,1152.175048516009
2025-09-07 23:00:00+07:00,22.1455,40,10.182337,3.6,10.182337,74.97644951312583,1826.2686914716076
2025-09-08 00:00:00+07:00,21.5455,43,10.182337,3.4,10.182337,80.94999011077955,1956.4534969668684
2025-09-08 01:00:00+07:00,20.9955,47,6.2145634,3.4,6.2145634,63.92393849450811,1569.6341366575257
2025-09-08 02:00:00+07:00,19.345499,55,8.766573,3.4,8.766573,80.79109195683546,1717.3928510996252
2025-09-08 03:00:00+07:00,18.095499,65,9.007196,3.3,9.007196,79.07794498876416,1521.8221189064639
2025-09-08 04:00:00+07:00,16.8955,74,9,3.4,9,74.11810022464476,1510.46423698009
2025-09-08 05:00:00+07:00,16.1955,77,8.28,3.6,8.28,78.7514888583306,1597.0845810401881
2025-09-08 06:00:00+07:00,15.5455,78,7.9526596,4,7.9526596,78.67500496466604,1203.2590153885794
2025-09-08 07:00:00+07:00,14.7455,81,7.342588,4.4,7.342588,80.82165747071468,1664.667882432078
2025-09-08 08:00:00+07:00,14.2455,82,5.8048253,4.7,5.8048253,67.27265525670609,1815.3309565166865
2025-09-08 09:00:00+07:00,13.7955,82,5.1544156,5.1,5.1544156,66.87386981538799,1940.011297139884
2025-09-08 10:00:00+07:00,13.4955,85,6.849467,5.7,6.849467,75.02685535915874,1368.3134359589376
2025-09-08 11:00:00+07:00,13.445499,85,6.489992,6.1,6.489992,76.22825756240682,1388.2913263837759
2025-09-08 12:00:00+07:00,13.195499,86,5.7599998,6.9,5.7599998,68.44825119479881,1298.0477983885003
2025-09-08 13:00:00+07:00,13.8455,85,5.771239,7.6,5.771239,68.74994600668715,1386.3766205731122
2025-09-08 14:00:00+07:00,15.445499,78,8.287822,7.8,8.287822,76.43135425284179,1312.2320862974673
2025-09-08 15:00:00+07:00,17.4955,72,7.928178,6.6,7.928178,80.01859200003511,1145.1384139838528
2025-09-08 16:00:00+07:00,19.4955,66,8.759178,5.6,8.759178,77.32851080574274,1107.7718613926152
2025-09-08 17:00:00+07:00,20.7955,55,10.630672,4.5,10.630672,73.08128158834285,1688.1551783791558
2025-09-08 18:00:00+07:00,21.4455,52,10.24578,4.5,10.24578,76.49106519530412,1303.0123039687828
2025-09-08 19:00:00+07:00,22.095499,49,8.825508,4.8,8.825508,79.28141564158575,1147.7974477991443
2025-09-08 20:00:00+07:00,22.6955,44,10.24578,4.9,10.24578,73.47964081168632,1235.9332415710448
2025-09-08 21:00:00+07:00,22.4955,47,11.928989,5.1,11.928989,66.33714108671694,1562.8903729776987
2025-09-08 22:00:00+07:00,23.2455,45,9.659814,5.5,9.659814,81.85160554176544,1934.2553864757908
2025-09-08 23:00:00+07:00,22.9455,45,6.638072,5.4,6.638072,72.80526954832648,1754.8143496915486
2025-09-09 00:00:00+07:00,22.345499,48,7.5599995,5.4,7.5599995,74.51737038420895,1113.0713543796373
2025-09-09 01:00:00+07:00,21.595499,53,4.73506,5.5,4.73506,75.92716537758582,1604.7995817812334
2025-09-09 02:00:00+07:00,20.5455,60,3.671294,6.1,3.671294,73.02425358538392,1685.3360765215923
2025-09-09 03:00:00+07:00,19.3955,68,4.452954,6.3,4.452954,81.38526021881859,1206.2488408328063
2025-09-09 04:00:00+07:00,17.9955,75,5.506941,6.6,5.506941,77.79518407310698,1072.9580673692124
2025-09-09 05:00:00+07:00,17.345499,80,5.0528407,7,5.0528407,64.55218318369768,1860.4508469375874
2025-09-09 06:00:00+07:00,16.7455,85,4.0249224,7.6,4.0249224,81.8901146901959,1824.8896707685649
2025-09-09 07:00:00+07:00,15.695499,88,1.8,8.1,1.8,90.00918791745602,1596.822747352604
2025-09-09 08:00:00+07:00,15.195499,91,2.6208394,8.7,2.6208394,68.4700833421926,1417.18037624125
2025-09-09 09:00:00+07:00,14.5955,91,4.3349743,9,4.3349743,79.257313029097,1792.7198944974648
2025-09-09 10:00:00+07:00,14.5955,90,4.829907,10.7,4.829907,76.83539689058603,1533.7253872408978
2025-09-09 11:00:00+07:00,14.2455,92,4.8965297,13.5,4.8965297,88.57727870029969,1260.061596862878
2025-09-09 12:00:00+07:00,14.0455,94,3.4152596,14.2,3.4152596,73.28393544110416,1759.9673775088484
2025-09-09 13:00:00+07:00,14.445499,90,3.096837,16.8,3.096837,68.43520744444696,1189.1420044698446
2025-09-09 14:00:00+07:00,16.1455,86,4.2136917,16.3,4.2136917,74.09351699179453,1770.4830454230394
2025-09-09 15:00:00+07:00,18.1455,78,5.0911684,16,5.0911684,73.20578305573105,1964.605687995167
2025-09-09 16:00:00+07:00,20.595499,73,4.802999,12.8,4.802999,80.45955841711948,1177.4164398296907
2025-09-09 17:00:00+07:00,22.4455,64,6.9527545,11.3,6.9527545,98.76175414998474,1630.5279602661965
2025-09-09 18:00:00+07:00,23.6955,58,9.346143,10.4,9.346143,71.87972003300972,1486.5543177326172
2025-09-09 19:00:00+07:00,24.6955,50,10.739833,10.7,10.739833,77.5715959063305,1232.6429322657036
2025-09-09 20:00:00+07:00,25.3955,46,11.269782,10.4,11.269782,67.96327936750484,1745.0026942275008
2025-09-09 21:00:00+07:00,25.7955,42,9.107359,10.3,9.107359,69.33178402230232,1234.0903635027066
2025-09-09 22:00:00+07:00,25.3955,44,10.137692,10.9,10.137692,69.07359498820098,1663.8554617224565
2025-09-09 23:00:00+07:00,25.095499,43,10.1376915,11,10.1376915,98.84375583052464,1442.2749135624301
2025-09-10 00:00:00+07:00,24.4955,45,9.531505,10.7,9.531505,79.49779512537728,1571.9648598426043
2025-09-10 01:00:00+07:00,23.2955,53,5.937272,10.7,5.937272,87.54904071367156,1994.037441159427
2025-09-10 02:00:00+07:00,22.1455,60,5.8603754,11,5.8603754,84.95971162482081,1595.4370554182565
2025-09-10 03:00:00+07:00,21.1955,63,7.928178,11.4,7.928178,69.62319925097123,1556.1353735434313
2025-09-10 04:00:00+07:00,19.6955,71,6.924738,11.7,6.924738,76.4254060741374,1908.3358852655067
2025-09-10 05:00:00+07:00,19.0455,73,4.3349743,12.3,4.3349743,89.20534467992567,1557.7674121504897
2025-09-10 06:00:00+07:00,18.4955,77,2.0991426,13,2.0991426,74.95950368092542,1071.2728821032024
2025-09-10 07:00:00+07:00,18.3955,80,2.5455842,14,2.5455842,91.70325794178095,1446.9077089745888
2025-09-10 08:00:00+07:00,18.2955,81,4.3349743,14.3,4.3349743,73.09132362166658,1784.5311569569499
2025-09-10 09:00:00+07:00,18.095499,84,2.9024127,15.2,2.9024127,92.85040372930234,1619.482955934695
2025-09-10 10:00:00+07:00,17.3955,83,2.3051248,15.5,2.3051248,86.26883863574577,1284.9915194734813
2025-09-10 11:00:00+07:00,17.345499,82,1.2979984,15.4,1.2979984,77.55394617007619,1336.6280392885294
2025-09-10 12:00:00+07:00,17.2455,83,2.8116899,17.8,2.8116899,78.92474327254632,1860.1839822445827
2025-09-10 13:00:00+07:00,17.1955,78,2.5455842,17.7,2.5455842,74.38816585487947,1194.3832892694734
2025-09-10 14:00:00+07:00,17.7955,77,4.829907,18.3,4.829907,89.49271921516606,1247.9384258428452
2025-09-10 15:00:00+07:00,18.7455,74,3.2599385,18,3.2599385,79.78630032428333,1944.6762998763372
2025-09-10 16:00:00+07:00,20.3955,71,5.4477882,15.9,5.4477882,79.60206955029179,1680.0421893584848
2025-09-10 17:00:00+07:00,21.4955,66,6.792466,14.5,6.792466,74.92464777020584,1093.7171402116562
2025-09-10 18:00:00+07:00,22.2455,63,6.489992,13.5,6.489992,69.36561643713308,1576.980678671664
2025-09-10 19:00:00+07:00,22.5455,60,8.4042845,12.7,8.4042845,69.73709712547185,1076.4324931321032
2025-09-10 20:00:00+07:00,22.7955,57,9.726665,12.1,9.726665,83.06354933768394,1076.4319663241756
2025-09-10 21:00:00+07:00,22.7455,54,10.446206,11.1,10.446206,78.13585396241895,1199.580150990145
2025-09-10 22:00:00+07:00,22.3955,57,7.771331,11.1,7.771331,85.89515636120859,1626.0003335931785
2025-09-10 23:00:00+07:00,22.095499,59,6.379216,10.9,6.379216,75.90956928254148,1769.601901542041
2025-09-11 00:00:00+07:00,21.845499,58,1.8,9.8,1.8,76.66893627962274,1891.0488039437678
2025-09-11 01:00:00+07:00,21.4455,61,1.2979984,10.1,1.2979984,82.96533967112204,1431.949615690678
2025-09-11 02:00:00+07:00,20.7455,65,6.763786,10.5,6.763786,83.01619774663669,1214.0645797770424
2025-09-11 03:00:00+07:00,19.345499,76,10.24578,11.9,10.24578,79.1237253482039,1812.7957256686136
2025-09-11 04:00:00+07:00,18.2955,75,6.193674,13.2,6.193674,75.31283757044484,1235.6122944217889
2025-09-11 05:00:00+07:00,16.9955,81,8.225035,14.1,8.225035,88.20706667134657,1665.729591578449
2025-09-11 06:00:00+07:00,16.345499,84,8.089993,14.4,8.089993,73.5590518123568,1465.7637068561262
2025-09-11 07:00:00+07:00,16.5455,83,5.692099,11.8,5.692099,77.84733817583752,1173.140649143108
2025-09-11 08:00:00+07:00,16.5455,87,4.452954,13.7,4.452954,80.05988641915772,1652.1446265232103
2025-09-11 09:00:00+07:00,16.095499,92,10.464797,13.2,10.464797,73.8627328825861,1947.4954247413862
2025-09-11 10:00:00+07:00,15.7455,93,7.42159,16.6,7.42159,72.58267635779946,1422.1394272789994
2025-09-11 11:00:00+07:00,15.2455,91,5.1165614,17.1,5.1165614,85.14000480874805,1903.193880071234
2025-09-11 12:00:00+07:00,14.3455,89,6.297428,15.5,6.297428,75.80524543517814,1084.4393394123301
2025-09-11 13:00:00+07:00,14.1455,86,8.209263,14.1,8.209263,70.55942710998752,1103.2990600036733
2025-09-11 14:00:00+07:00,14.8455,82,8.913181,12.3,8.913181,73.4135680602193,1898.2127846262279
2025-09-11 15:00:00+07:00,16.4955,76,9.028754,10.4,9.028754,81.75602366870022,1988.8485594372246
2025-09-11 16:00:00+07:00,18.345499,74,9.255571,9.9,9.255571,86.77321944203945,1747.426437440295
2025-09-11 17:00:00+07:00,20.1955,68,11.620809,8.6,11.620809,67.2160954151652,1466.3229757078302
2025-09-11 18:00:00+07:00,21.7455,62,15.484185,9.3,15.484185,71.72715985552911,1747.4872640224016
2025-09-11 19:00:00+07:00,22.4455,53,17.148247,6.5,17.148247,82.49632388751793,1516.9019112766732
2025-09-11 20:00:00+07:00,22.4955,55,17.057314,5.5,17.057314,76.73768631844267,1577.6617992405872
2025-09-11 21:00:00+07:00,21.7955,59,14.799459,4.1,14.799459,93.21841404930305,1029.7361736004475
2025-09-11 22:00:00+07:00,21.9955,61,14.277983,4,14.277983,78.39455065208094,1149.3025057351733
2025-09-11 23:00:00+07:00,21.4455,61,17.782686,3.9,17.782686,68.49891727822094,1495.7751301242533
2025-09-12 00:00:00+07:00,17.2955,80,13.039754,3.9,13.039754,73.6236893035594,1473.1333171841716
2025-09-12 01:00:00+07:00,16.345499,84,11.983188,4.2,11.983188,84.16006699905145,1294.080096409592
2025-09-12 02:00:00+07:00,16.1955,75,8.891343,4.6,8.891343,71.95239611852183,1403.3726672542996
2025-09-12 03:00:00+07:00,15.7955,81,10.144082,5.6,10.144082,86.85307892429685,1940.8988192813872
2025-09-12 04:00:00+07:00,15.6455,81,11.090103,6,11.090103,76.96119913359442,1249.7397170946444
2025-09-12 05:00:00+07:00,15.7455,77,10.514218,4.8,10.514218,64.73408495868908,1810.873506347028
2025-09-12 06:00:00+07:00,15.6455,75,10.296251,4.3,10.296251,60.71934920375879,1734.9232264019506
2025-09-12 07:00:00+07:00,14.5455,78,11.113451,4.4,11.113451,79.53641349473892,1210.199640455469
2025-09-12 08:00:00+07:00,13.8955,77,9.826088,4.6,9.826088,71.89591789087714,1582.262684542086
2025-09-12 09:00:00+07:00,13.5455,79,9.659814,5,9.659814,82.2988006202536,1280.5104651270196
2025-09-12 10:00:00+07:00,13.0455,82,10.1887,5.2,10.1887,86.26459141524661,1581.5527681118588
2025-09-12 11:00:00+07:00,12.7955,83,8.39657,5.6,8.39657,77.18138142626093,1723.8442190286696
2025-09-12 12:00:00+07:00,12.6455,85,6.379216,6.2,6.379216,88.35160574829843,1457.566456141788
2025-09-12 13:00:00+07:00,12.9955,85,7.5685663,6.6,7.5685663,79.6683096222516,1933.5477565650153
2025-09-12 14:00:00+07:00,13.8955,82,7.2359104,6.2,7.2359104,75.38754513746487,1896.72144417749
2025-09-12 15:00:00+07:00,14.5455,80,8.4042845,5.2,8.4042845,79.43136341116085,1869.5985483259633
2025-09-12 16:00:00+07:00,15.695499,78,9,5,9,90.89850706078848,1511.2814704716093
2025-09-12 17:00:00+07:00,17.4455,67,12.074766,4.1,12.074766,58.82047314,1897.4565851443285
2025-09-12 18:00:00+07:00,18.845499,61,12.245293,3.8,12.245293,63.87592665995615,1534.536861609453
2025-09-12 19:00:00+07:00,18.2455,65,11.681987,3.5,11.681987,92.37619236149315,1861.8763334422806
2025-09-12 20:00:00+07:00,19.345499,59,11.246759,3.5,11.246759,78.40883003590025,1394.2571746784495
2025-09-12 21:00:00+07:00,20.095499,49,12.24,3.4,12.24,67.42856121374454,1740.0478370226792
2025-09-12 22:00:00+07:00,20.9955,39,14.113652,3.1,14.113652,72.95782970185579,1808.636054642771
2025-09-12 23:00:00+07:00,20.7955,39,11.885453,3.5,11.885453,84.57865296861532,1354.5722357559737
2025-09-13 00:00:00+07:00,19.8955,43,12.313894,4.1,12.313894,61.49139444812299,1141.1617254944274
2025-09-13 01:00:00+07:00,18.1455,50,8.404285,4.9,8.404285,88.92697402276784,1300.931749690279
2025-09-13 02:00:00+07:00,17.0455,59,6.8777895,6.1,6.8777895,73.05025239553935,1299.809320259612
2025-09-13 03:00:00+07:00,15.945499,61,6.3690495,6.7,6.3690495,81.88643449439485,1825.595685889817
2025-09-13 04:00:00+07:00,14.6455,70,5.7599998,6.2,5.7599998,58.24209602013117,1959.6983672500762
2025-09-13 05:00:00+07:00,13.695499,74,6.849467,5.8,6.849467,75.1212922278161,1562.444979527463
2025-09-13 06:00:00+07:00,13.2955,74,5.815978,5.7,5.815978,85.90455015626561,1035.003809718349
2025-09-13 07:00:00+07:00,12.1455,79,5.3517847,6.1,5.3517847,76.74886744332281,1667.7288826519282
2025-09-13 08:00:00+07:00,11.695499,80,5.8048253,6.2,5.8048253,64.20732944502826,1319.526097452381
2025-09-13 09:00:00+07:00,11.445499,80,6.28713,6.7,6.28713,56.8498285541253,1590.2864786400585
2025-09-13 10:00:00+07:00,10.695499,83,5.692099,7.6,5.692099,87.79268634679283,1369.8112733077107
2025-09-13 11:00:00+07:00,10.8955,82,7.10031,8.1,7.10031,71.45984361527782,1737.559704860498
2025-09-13 12:00:00+07:00,10.5955,85,6.6087217,8.4,6.6087217,73.9768404279642,1126.8202268830926
2025-09-13 13:00:00+07:00,10.945499,85,7.2,8.1,7.2,76.26762690060934,1269.549770571582
2025-09-13 14:00:00+07:00,12.0455,81,7.289445,7,7.289445,90.01825906112286,1834.515560164445
2025-09-13 15:00:00+07:00,13.7455,75,7.24486,6.7,7.24486,79.76646360598038,1604.7934846194075
2025-09-13 16:00:00+07:00,16.095499,69,8.373386,6,8.373386,87.17029521230282,1210.5364584854522
2025-09-13 17:00:00+07:00,18.2955,64,9.983106,4.1,9.983106,80.87061710074885,1401.9603866237562
2025-09-13 18:00:00+07:00,20.095499,54,14.372974,3.8,14.372974,88.08448919703298,1616.263003181914
2025-09-13 19:00:00+07:00,21.4955,46,14.561099,3.7,14.561099,75.22014747070905,1664.42710810902
2025-09-13 20:00:00+07:00,21.7955,42,12.496719,4,12.496719,81.22613097183303,1113.9094481755826
2025-09-13 21:00:00+07:00,21.595499,46,12.015589,4.2,12.015589,72.72344605181073,1999.7509809131966
2025-09-13 22:00:00+07:00,20.095499,57,6.696387,4.1,6.696387,87.19432933388649,1827.5570546236384
2025-09-13 23:00:00+07:00,19.9455,60,5.95906,4,5.95906,75.5245962799521,1071.210544755151
2025-09-14 00:00:00+07:00,19.6455,68,6.618519,4.2,6.618519,86.73987202658985,1974.2154699407781
2025-09-14 01:00:00+07:00,17.9955,77,6.489992,4.2,6.489992,83.52743893947023,1803.0885597066397
2025-09-14 02:00:00+07:00,17.4455,72,8.373386,4.5,8.373386,77.28728399091317,1872.9605697885333
2025-09-14 03:00:00+07:00,16.4455,74,7.289445,4.9,7.289445,70.97033275219684,1111.3924881135454
2025-09-14 04:00:00+07:00,15.445499,79,7.10031,5.3,7.10031,77.39459750442413,1250.386626124282
2025-09-14 05:00:00+07:00,14.9955,82,6.6087217,6.5,6.6087217,64.48440467256711,1605.7300931983714
2025-09-14 06:00:00+07:00,14.6455,84,6.4096174,6.7,6.4096174,66.07285097614827,1923.904181693366
2025-09-14 07:00:00+07:00,14.695499,86,6.9247384,6.3,6.9247384,72.70629943619927,1296.114638110008
2025-09-14 08:00:00+07:00,15.0455,83,7.5942073,6.1,7.5942073,70.34077898269254,1385.8989769428313
2025-09-14 09:00:00+07:00,15.195499,83,8.12197,6,8.12197,81.00413677469648,1346.7389448678557
2025-09-14 10:00:00+07:00,14.9955,85,6.489992,5.7,6.489992,78.44143059054966,1580.4552445259214
2025-09-14 11:00:00+07:00,15.0455,86,6.830519,5.7,6.830519,73.0904401535243,1238.535946776169
2025-09-14 12:00:00+07:00,14.8955,88,6.489992,6.4,6.489992,67.92958882919045,1415.605055458933
2025-09-14 13:00:00+07:00,14.8455,88,4.379589,7.1,4.379589,91.94462323675108,1321.5454186505997
2025-09-14 14:00:00+07:00,15.2955,84,7.5942082,7.4,7.5942082,70.06946028805963,1164.5411174473206
2025-09-14 15:00:00+07:00,15.5955,81,5.95906,6.5,5.95906,68.97311365871171,1784.3851594948183
2025-09-14 16:00:00+07:00,15.7955,79,9.255571,6.2,9.255571,81.74305152381166,1871.1484046086593
2025-09-14 17:00:00+07:00,16.2455,76,9.746631,4.5,9.746631,71.40042116378686,1959.0698831326401
2025-09-14 18:00:00+07:00,17.595499,67,12.7279215,4.2,12.7279215,69.56545394077557,1621.9015614173481
2025-09-14 19:00:00+07:00,18.1455,56,11.928989,4.1,11.928989,87.72153704712844,1762.9344110639338
2025-09-14 20:00:00+07:00,18.6455,54,13.797912,4.2,13.797912,88.54690591648122,1998.439524928261
2025-09-14 21:00:00+07:00,18.595499,51,13.797912,4.4,13.797912,74.44998449163582,1290.9855914872012
2025-09-14 22:00:00+07:00,19.4955,44,12.979984,4.3,12.979984,69.19314437729022,1831.010382159734
2025-09-14 23:00:00+07:00,18.595499,49,11.928989,4.6,11.928989,88.5967232615058,1950.3554863068803
2025-09-15 00:00:00+07:00,17.9455,53,9.114471,5.1,9.114471,73.58727585286015,1803.3592573979822
2025-09-15 01:00:00+07:00,17.1955,57,6.489992,5.6,6.489992,75.74823226548786,1697.3991195269841
2025-09-15 02:00:00+07:00,16.1455,64,3.8939953,6.4,3.8939953,73.12946992092232,1712.3883642408337
2025-09-15 03:00:00+07:00,15.195499,68,3.7064266,6.7,3.7064266,82.91047044499858,1535.8120877037159
2025-09-15 04:00:00+07:00,14.0955,76,5.8048253,6.7,5.8048253,68.2724094726897,1924.2659297517812
2025-09-15 05:00:00+07:00,13.4955,73,6.0347,6.8,6.0347,71.58316625639407,1668.3766806851254
2025-09-15 06:00:00+07:00,12.8955,74,6.130579,7.3,6.130579,67.22109967935921,1038.8319597464745
2025-09-15 07:00:00+07:00,12.2455,75,6.638072,7.1,6.638072,80.08033043757187,1294.8281864184978
2025-09-15 08:00:00+07:00,12.1455,74,7.928178,6.3,7.928178,74.24422105290891,1722.175641525212
2025-09-15 09:00:00+07:00,12.0455,78,9.227524,6.2,9.227524,87.80952509705592,1637.2002430357313
2025-09-15 10:00:00+07:00,12.3955,81,9.693296,5.6,9.693296,86.32516881485017,1088.1122287357869
2025-09-15 11:00:00+07:00,12.6455,82,10.163227,4.6,10.163227,84.79082442841512,1457.6022452936934
2025-09-15 12:00:00+07:00,13.1455,82,12.10157,4.9,12.10157,66.23213006617978,1136.1235300655703
2025-09-15 13:00:00+07:00,13.2455,88,14.205182,4.6,14.205182,71.54282748274463,1273.1784736466725
2025-09-15 14:00:00+07:00,13.8955,90,13.32,4,13.32,79.55821443033956,1556.7754404149844
2025-09-15 15:00:00+07:00,14.9955,90,12.964998,3.8,12.964998,62.95025497941604,1420.1449979181173
2025-09-15 16:00:00+07:00,17.595499,84,13.039754,3.3,13.039754,66.18474115033203,1514.8018995823502
2025-09-15 17:00:00+07:00,19.4955,81,13.896187,3,13.896187,83.07569262795542,1773.019736921131
2025-09-15 18:00:00+07:00,19.1955,81,11.542478,2.7,11.542478,71.48229016652637,1192.604027554367
2025-09-15 19:00:00+07:00,18.8955,72,12.181625,2.6,12.181625,83.3840260933279,1932.1345834802519
2025-09-15 20:00:00+07:00,20.4455,66,12.4811535,2.8,12.4811535,73.2698957693604,1328.1527802378744
2025-09-15 21:00:00+07:00,21.095499,58,14.494192,3.1,14.494192,70.20728102641631,1906.0239148678024
2025-09-15 22:00:00+07:00,21.6455,55,12.096214,3.5,12.096214,66.304863051861,1312.2732865592204
2025-09-15 23:00:00+07:00,21.3955,58,11.246759,3.4,11.246759,74.97728056174398,1051.09098455048
2025-09-16 00:00:00+07:00,20.4955,68,9.565437,3.5,9.565437,74.38874933629147,1426.7746770365495
2025-09-16 01:00:00+07:00,19.6455,71,7.24486,4,7.24486,86.12234939542616,1961.1199619164026
2025-09-16 02:00:00+07:00,18.7955,75,6.792466,4.4,6.792466,67.89021820853577,1352.643047378676
2025-09-16 03:00:00+07:00,18.345499,74,7.771331,4.4,7.771331,75.97826561353159,1133.2308845037935
2025-09-16 04:00:00+07:00,16.845499,76,7.4128532,3.9,7.4128532,76.68428383317388,1942.9796916642003
2025-09-16 05:00:00+07:00,16.5455,67,9.422101,3.3,9.422101,83.05468483972078,1233.309970624397
2025-09-16 06:00:00+07:00,16.845499,60,10.948973,3.2,10.948973,96.4521433678922,1739.9733267623794
2025-09-16 07:00:00+07:00,15.9955,66,10.464797,3.5,10.464797,80.20604150306539,1895.415687484743
2025-09-16 08:00:00+07:00,15.7955,63,14.799459,3.6,14.799459,81.27375409650702,1113.8792938215643
2025-09-16 09:00:00+07:00,15.7955,59,14.277983,3.8,14.277983,88.20566274109716,1652.3281512563613
2025-09-16 10:00:00+07:00,15.2955,63,13.783817,3.9,13.783817,79.60890866210994,1358.560009
2025-09-16 11:00:00+07:00,15.0455,65,15.580141,3.8,15.580141,61.39888771817561,1233.718600824542
2025-09-16 12:00:00+07:00,14.7955,65,16.92383,3.7,16.92383,83.78843868251245,1191.0726173617916
2025-09-16 13:00:00+07:00,15.445499,67,18.079027,3.5,18.079027,87.35825906953346,1696.0024007906143
2025-09-16 14:00:00+07:00,15.9955,63,18.35647,3.5,18.35647,84.58918212006182,1803.7767808955273
2025-09-16 15:00:00+07:00,16.845499,58,21.434364,3.6,21.434364,80.05588357031704,1735.3178854127395
2025-09-16 16:00:00+07:00,17.345499,55,24.651457,3.7,24.651457,74.61537841018321,1217.0235172417047
2025-09-16 17:00:00+07:00,17.345499,55,22.657131,3.9,22.657131,74.86247537123884,1709.68048079528
2025-09-16 18:00:00+07:00,17.0455,58,21.068459,4.1,21.068459,93.15131327422891,1565.5609581758022
2025-09-16 19:00:00+07:00,17.6955,55,22.66857,4.5,22.66857,84.37745792736945,1160.5079245891066
2025-09-16 20:00:00+07:00,17.8955,55,19.93048,4.9,19.93048,80.01859291511454,1665.3254833263572
2025-09-16 21:00:00+07:00,17.8955,53,17.114204,4.1,17.114204,91.62295101595932,1507.9185501697061
2025-09-16 22:00:00+07:00,18.4455,46,19.93048,4.6,19.93048,77.51480500128586,1152.232412916743
2025-09-16 23:00:00+07:00,18.2455,47,19.721298,4.2,19.721298,79.13007292495517,1930.337803633956
2025-09-17 00:00:00+07:00,17.8955,50,19.469975,4,19.469975,78.48401742479824,1014.0273739300053
2025-09-17 01:00:00+07:00,15.6455,67,13.237039,3.4,13.237039,85.89818605259556,1540.881405403136
2025-09-17 02:00:00+07:00,14.945499,62,18.486622,3.3,18.486622,83.40112430029193,1119.8457364537196
2025-09-17 03:00:00+07:00,14.0955,64,16.09969,3.2,16.09969,63.21657676999636,1632.958668155276
2025-09-17 04:00:00+07:00,13.7455,75,16.78156,3.3,16.78156,73.22462576690991,1458.9692288182225
2025-09-17 05:00:00+07:00,13.695499,79,15.141414,3.5,15.141414,81.0498032003968,1777.5295560892314
2025-09-17 06:00:00+07:00,13.6455,81,15.856356,3.2,15.856356,79.19585224486673,1806.37649246825
2025-09-17 07:00:00+07:00,13.695499,83,16.203999,2.8,16.203999,88.29431991830587,1505.0126952823568
2025-09-17 08:00:00+07:00,13.445499,81,15.905319,2.6,15.905319,82.97342334090565,1395.7558288321925
2025-09-17 09:00:00+07:00,12.945499,83,15.03835,2.8,15.03835,72.92881578485913,1151.4284206514017
2025-09-17 10:00:00+07:00,13.0455,82,13.910169,3.9,13.910169,81.49782675728483,1413.0566504365772
2025-09-17 11:00:00+07:00,12.7455,85,14.685176,4.9,14.685176,69.23100378261557,1558.202860073683
2025-09-17 12:00:00+07:00,12.7455,85,11.298495,6,11.298495,75.86536113995702,1369.646668894846
2025-09-17 13:00:00+07:00,13.0455,82,13.779114,7.2,13.779114,91.75553909552633,1315.3892269265868
2025-09-17 14:00:00+07:00,13.4955,79,14.830076,7.2,14.830076,85.13385609164183,1724.8050259920005
2025-09-17 15:00:00+07:00,14.2455,76,14.081478,6.5,14.081478,82.56068812241381,1149.6563310690162
2025-09-17 16:00:00+07:00,15.945499,68,20.570463,6,20.570463,67.73072438312461,1353.0032188672503
2025-09-17 17:00:00+07:00,16.845499,63,19.44,5.7,19.44,96.12930554206513,1922.8828238226233
2025-09-17 18:00:00+07:00,17.9455,57,19.803272,6.4,19.803272,70.8375887326964,1119.144615746237
2025-09-17 19:00:00+07:00,18.3955,53,18.391735,5.3,18.391735,80.98170779606365,1396.9781554726915
2025-09-17 20:00:00+07:00,18.6455,48,20.633371,5.4,20.633371,65.35606147127491,1338.633407451246
2025-09-17 21:00:00+07:00,18.0455,52,19.8,5.2,19.8,72.04003409880633,1727.5634947445246
2025-09-17 22:00:00+07:00,18.4455,54,18.014393,5.2,18.014393,77.12078031501296,1774.370613809544
2025-09-17 23:00:00+07:00,18.3955,50,16.215992,5.3,16.215992,75.3485357126041,1117.8516518538418
2025-09-18 00:00:00+07:00,17.5455,57,10.308831,5.4,10.308831,71.39760851441484,1351.894372311945
2025-09-18 01:00:00+07:00,16.6455,62,11.631956,5.8,11.631956,86.08527010293754,1676.765749498617
2025-09-18 02:00:00+07:00,15.7455,68,9.693296,6.5,9.693296,93.38115408031368,1974.8436602877034
2025-09-18 03:00:00+07:00,15.2955,68,9.504273,7.4,9.504273,96.8270154708628,1418.618420957192
2025-09-18 04:00:00+07:00,14.7455,69,8.707237,8.3,8.707237,80.8873063825119,1655.8797827805965
2025-09-18 05:00:00+07:00,14.7455,67,7.653705,8.4,7.653705,69.22037410972067,1013.537571
2025-09-18 06:00:00+07:00,14.6455,68,9.885262,7.8,9.885262,60.91932103225366,1661.5660384174323
2025-09-18 07:00:00+07:00,14.945499,71,9.931042,5.8,9.931042,75.53856591079501,1244.27776793927
2025-09-18 08:00:00+07:00,15.0455,72,9.726664,5.5,9.726664,79.79984375099583,1202.4962831347548
2025-09-18 09:00:00+07:00,14.8955,74,11.269782,5.6,11.269782,71.54910416615894,1366.3489811337297
2025-09-18 10:00:00+07:00,15.2455,75,12.287555,3.7,12.287555,84.69091054055431,1990.9980635862325
2025-09-18 11:00:00+07:00,15.3955,77,12.4811535,4,12.4811535,83.60757994011098,1504.3401342153575
2025-09-18 12:00:00+07:00,15.5955,80,12.979984,4.9,12.979984,75.65001746965481,1728.830512757348
2025-09-18 13:00:00+07:00,15.2955,89,12.538134,4.8,12.538134,75.87689147812918,1657.3946729230952
2025-09-18 14:00:00+07:00,15.445499,88,12.984975,4.7,12.984975,81.09720608682159,1875.185346100914
2025-09-18 15:00:00+07:00,16.095499,85,12.738099,4.7,12.738099,65.30920333087973,1943.3887513705367
2025-09-18 16:00:00+07:00,16.595499,86,12.413477,5.1,12.413477,76.12563633762042,1660.8241778599613
2025-09-18 17:00:00+07:00,17.595499,82,11.592894,5.9,11.592894,73.72564333172613,1576.650230731862
2025-09-18 18:00:00+07:00,18.2955,78,14.578888,6.3,14.578888,70.17277013664147,1548.1842128529338
2025-09-18 19:00:00+07:00,18.845499,78,10.787993,6.5,10.787993,67.4671913764481,1842.1108366991552
2025-09-18 20:00:00+07:00,19.345499,76,13.207634,6.6,13.207634,76.65420850037307,1495.4706718690813
2025-09-18 21:00:00+07:00,19.845499,73,13.797912,6.8,13.797912,74.08847512819422,1567.5878225738916
2025-09-18 22:00:00+07:00,20.0455,75,12.758432,6.9,12.758432,70.68157321525482,1353.6937557728095
2025-09-18 23:00:00+07:00,19.7455,76,9.028754,7.1,9.028754,89.39200618617744,1977.6384877309133
2025-09-19 00:00:00+07:00,19.5455,78,8.311245,7.1,8.311245,82.97682702420613,1345.8167755377249
2025-09-19 01:00:00+07:00,19.845499,78,10.594036,7.2,10.594036,82.21006924138484,1131.5959618534448
2025-09-19 02:00:00+07:00,19.7455,76,12.287555,7.5,12.287555,73.55268633093475,1521.870373575262
2025-09-19 03:00:00+07:00,19.4955,78,10.739833,7.2,10.739833,77.21726257918638,1698.853155745332
2025-09-19 04:00:00+07:00,19.4955,76,12.245294,7,12.245294,75.6426657882866,1495.3817607892324
2025-09-19 05:00:00+07:00,19.4455,77,11.792404,7.2,11.792404,79.10797904501618,1870.8443674668265
2025-09-19 06:00:00+07:00,19.345499,77,10.829959,7.1,10.829959,72.99207937332126,1249.8563908879178
2025-09-19 07:00:00+07:00,19.2455,77,12.413476,6.4,12.413476,67.25414245900059,1858.0259402878228
2025-09-19 08:00:00+07:00,18.7455,80,11.631956,7.5,11.631956,80.13297259872593,1810.4812488684897
2025-09-19 09:00:00+07:00,18.1955,83,11.525623,8.5,11.525623,77.5451627844336,1558.7060387655858
2025-09-19 10:00:00+07:00,18.0455,83,10.483357,8.8,10.483357,73.93699973318839,1672.3637083549568
2025-09-19 11:00:00+07:00,17.7455,84,10.787993,9.5,10.787993,90.68396397094025,1839.5387942810614
2025-09-19 12:00:00+07:00,17.595499,85,9.178235,10.7,9.178235,84.48618077210722,1581.0282194078343
2025-09-19 13:00:00+07:00,17.845499,83,10.028439,12.5,10.028439,74.65312777725045,1493.7977285382242
2025-09-19 14:00:00+07:00,18.2455,82,9.387651,12.1,9.387651,76.26071511837159,1013.0727137306956
2025-09-19 15:00:00+07:00,18.9455,79,9.659814,11,9.659814,64.04592358287672,1407.6944845609275
2025-09-19 16:00:00+07:00,19.845499,73,9.659814,9.4,9.659814,77.31037564861082,1770.6582003131398
2025-09-19 17:00:00+07:00,20.9455,65,16.09969,8.8,16.09969,74.94897980032893,1134.8050608355093
2025-09-19 18:00:00+07:00,22.0455,59,14.759999,7.9,14.759999,78.70128232907643,1361.5085712086416
2025-09-19 19:00:00+07:00,21.6455,64,10.041354,7.4,10.041354,85.17024089526305,1770.7187332658345
2025-09-19 20:00:00+07:00,22.4455,60,10.041354,7.4,10.041354,83.94589322772642,1297.5228102545793
2025-09-19 21:00:00+07:00,22.9955,58,7.10031,7.1,7.10031,74.34243803823186,1681.2956228655496
2025-09-19 22:00:00+07:00,24.095499,52,5.3999996,6.7,5.3999996,84.74009750298251,1012.1742132369736
2025-09-19 23:00:00+07:00,24.1455,53,7.072878,6.9,7.072878,95.57079968944359,1114.4058854068517
2025-09-20 00:00:00+07:00,23.3955,57,7.5599995,7.1,7.5599995,79.29740483103579,1024.292133936398
2025-09-20 01:00:00+07:00,21.845499,67,5.6920996,8.3,5.6920996,66.56248893051789,1736.058940047972
2025-09-20 02:00:00+07:00,20.845499,73,6.6185193,8.4,6.6185193,83.39737387132985,1728.0077271853613
2025-09-20 03:00:00+07:00,20.0455,75,5.8048253,8.6,5.8048253,84.07356121613094,1958.3789349821072
2025-09-20 04:00:00+07:00,19.1455,80,6.9247384,9.4,6.9247384,68.01886834133008,1315.02431090318
2025-09-20 05:00:00+07:00,18.595499,80,7.9036193,9.5,7.9036193,79.29216968690613,1256.2779599443409
2025-09-20 06:00:00+07:00,18.095499,82,7.10031,9.4,7.10031,72.42289482353563,1269.57325004197
2025-09-20 07:00:00+07:00,17.1455,86,6.6185193,8.9,6.6185193,78.65715747769653,1645.1461286676474
2025-09-20 08:00:00+07:00,16.845499,87,7.42159,8.7,7.42159,92.0584687253053,1766.2695206303051
2025-09-20 09:00:00+07:00,16.7455,86,6.9899354,8.9,6.9899354,73.4805150982396,1214.9575983319119
2025-09-20 10:00:00+07:00,15.7955,88,6.489992,9.1,6.489992,75.18282328680533,1702.4940285110017
2025-09-20 11:00:00+07:00,16.1955,82,8.311245,9.1,8.311245,72.96232564251345,1039.048417963324
2025-09-20 12:00:00+07:00,15.945499,81,7.6367526,9,7.6367526,79.48897674468682,1173.1910871938196
2025-09-20 13:00:00+07:00,14.9955,84,6.130579,9.2,6.130579,71.9759077409931,1197.5542255381406
2025-09-20 14:00:00+07:00,16.5455,77,7.42159,9,7.42159,70.05016651805498,1521.8162331852964
2025-09-20 15:00:00+07:00,18.7955,69,6.28713,8.5,6.28713,88.62840258913243,1402.8505571050973
2025-09-20 16:00:00+07:00,22.095499,59,7.072878,8.5,7.072878,74.72368766729738,1338.9930339376256
2025-09-20 17:00:00+07:00,24.095499,54,9,8.4,9,86.84048949236032,1866.0743662744626
2025-09-20 18:00:00+07:00,25.845499,49,10.587918,8.1,10.587918,74.32750630049969,1072.0455380092155
2025-09-20 19:00:00+07:00,27.2455,45,10.144082,8.1,10.144082,63.29866799894341,1631.173685910648
2025-09-20 20:00:00+07:00,28.095499,44,10.315115,8,10.315115,90.27979417843638,1458.1257851165801
2025-09-20 21:00:00+07:00,28.4955,42,10.144082,8.1,10.144082,71.08156769592276,1855.89736749326
2025-09-20 22:00:00+07:00,29.2455,37,10.787993,8.2,10.787993,65.4436109901146,1706.6345950972752
2025-09-20 23:00:00+07:00,28.7455,38,8.854829,7.9,8.854829,72.51223872311743,1069.257636864875
2025-09-21 00:00:00+07:00,27.2955,43,6.2145634,8.1,6.2145634,64.627594677649,1928.157762416269
2025-09-21 01:00:00+07:00,25.1455,55,5.506941,8.2,5.506941,69.59831784607292,1929.9234754214585
2025-09-21 02:00:00+07:00,23.9455,60,6.924738,8.4,6.924738,75.91929167459848,1456.4218445214408
2025-09-21 03:00:00+07:00,23.095499,61,7.2805495,8.1,7.2805495,90.07860083748253,1633.900947621044
2025-09-21 04:00:00+07:00,21.9455,63,7.5942073,8,7.5942073,79.8130611608758,1776.6700185299362
2025-09-21 05:00:00+07:00,21.2955,64,7.628263,8,7.628263,72.35976105738673,1720.424125578008
2025-09-21 06:00:00+07:00,21.0455,64,6.297428,7.7,6.297428,83.13482273943058,1521.9200539965059
2025-09-21 07:00:00+07:00,20.345499,69,6.618519,7.7,6.618519,69.88707787274514,1935.5809174833164
2025-09-21 08:00:00+07:00,19.8955,71,4.3349743,7.2,4.3349743,79.68546683354299,1284.661811863686
2025-09-21 09:00:00+07:00,19.1455,75,5.0528407,6.8,5.0528407,85.94836369953953,1013.9939629217745
2025-09-21 10:00:00+07:00,18.2955,77,5.8603754,6.8,5.8603754,74.25802409708585,1497.7813054030748
2025-09-21 11:00:00+07:00,18.6455,75,6.193674,6.7,6.193674,76.35641844307433,1662.2708858228275
2025-09-21 12:00:00+07:00,18.4455,76,5.634891,6.8,5.634891,79.64349269579574,1328.4834500934555
2025-09-21 13:00:00+07:00,17.595499,79,7.5170207,7.4,7.5170207,70.99655425851765,1470.134870099731
2025-09-21 14:00:00+07:00,18.6955,75,7.2805495,7,7.2805495,82.10633650259106,1020.9007636526151
2025-09-21 15:00:00+07:00,20.595499,71,7.5942073,6.5,7.5942073,88.26987975088674,1850.085514243539
2025-09-21 16:00:00+07:00,23.4955,61,9.779817,7.3,9.779817,83.56867192157476,1303.487056105144
2025-09-21 17:00:00+07:00,25.6455,55,9.83268,7.7,9.83268,86.33804990538727,1677.9136218745025
2025-09-21 18:00:00+07:00,26.345499,51,15.509274,7.5,15.509274,76.76750273188506,1999.982252131635
2025-09-21 19:00:00+07:00,26.0455,52,13.849476,6.4,13.849476,69.9896271416063,1639.7245700903381
2025-09-21 20:00:00+07:00,24.6455,58,13.684735,5.2,13.684735,71.83354857652225,1391.9847052712926
2025-09-21 21:00:00+07:00,23.9955,61,15.124284,4.2,15.124284,76.93341383494749,1004.1106721274755
2025-09-21 22:00:00+07:00,23.0455,62,18.430452,4.2,18.430452,85.93800098311877,1988.4384742537827
2025-09-21 23:00:00+07:00,21.4455,53,17.873556,3.3,17.873556,73.76491766482671,1456.1385824338056
2025-09-22 00:00:00+07:00,19.9955,58,15.463244,3.3,15.463244,81.37491574540242,1171.5737594666734
2025-09-22 01:00:00+07:00,19.1955,49,14.24163,2.8,14.24163,64.16044094043943,1887.5130076585756
2025-09-22 02:00:00+07:00,17.6955,57,15.463246,2.4,15.463246,70.64422480750918,1256.9501747960044
2025-09-22 03:00:00+07:00,16.595499,67,15.94601,2.6,15.94601,77.15619924801943,1368.5683626497535
2025-09-22 04:00:00+07:00,15.695499,71,14.480773,2.7,14.480773,67.00711451695811,1780.3066293446427
2025-09-22 05:00:00+07:00,14.695499,71,13.479583,2.5,13.479583,83.07131441497877,1365.4896726643494
2025-09-22 06:00:00+07:00,13.7955,72,12.879752,2.2,12.879752,87.40830975238782,1848.9724778588422
2025-09-22 07:00:00+07:00,13.5455,78,6.792466,2.9,6.792466,81.38515480436469,1555.7476093478733
2025-09-22 08:00:00+07:00,13.3955,85,5.771239,1.9,5.771239,85.5562355803149,1743.0002029003494
2025-09-22 09:00:00+07:00,13.1455,81,8.714677,2,8.714677,71.35978102574492,1229.593896179309
2025-09-22 10:00:00+07:00,12.8955,80,4.072935,2.1,4.072935,77.81280294078492,1591.257027840012
2025-09-22 11:00:00+07:00,12.695499,81,5.3517847,2.3,5.3517847,74.0082941341654,1502.5569065639888
2025-09-22 12:00:00+07:00,12.445499,81,8.161764,2.9,8.161764,67.44994385267421,1271.2872594610665
2025-09-22 13:00:00+07:00,11.9955,80,5.904439,4.1,5.904439,87.4288443887374,1077.00620400249
2025-09-22 14:00:00+07:00,12.195499,77,6.8777895,4.4,6.8777895,73.9448971603819,1404.676910189367
2025-09-22 15:00:00+07:00,12.4955,75,7.5170207,4.2,7.5170207,79.66377870761887,1153.793052885513
2025-09-22 16:00:00+07:00,13.2955,75,7.771331,3.9,7.771331,67.04524826669969,1950.1290995287945
2025-09-22 17:00:00+07:00,14.0455,65,9.346143,3.3,9.346143,75.14601170132461,1728.931521708931
2025-09-22 18:00:00+07:00,14.5955,61,10.239453,3.3,10.239453,68.30644775131655,1257.6919224180047
2025-09-22 19:00:00+07:00,15.1455,54,11.570515,3.2,11.570515,77.43311988645691,1359.4348978783328
2025-09-22 20:00:00+07:00,15.195499,52,10.739833,3.4,10.739833,85.27102849193884,1017.976144448651
2025-09-22 21:00:00+07:00,15.0455,54,10.829959,3.3,10.829959,62.72987331802409,1718.3469480680103
2025-09-22 22:00:00+07:00,14.9955,47,11.659777,3.2,11.659777,73.6212367690306,1377.2927621524923
2025-09-22 23:00:00+07:00,14.8455,49,8.647496,3.1,8.647496,86.78020327168382,1804.7730158722266
2025-09-23 00:00:00+07:00,14.4955,50,6.9527545,3.4,6.9527545,71.77578114103045,1130.632070668545
2025-09-23 01:00:00+07:00,14.2455,55,3.7064266,3.5,3.7064266,74.63895632109018,1508.4025646303537
2025-09-23 02:00:00+07:00,13.7955,59,9.360001,3.5,9.360001,64.90307781558754,1352.4896764251264
2025-09-23 03:00:00+07:00,12.945499,63,6.162207,3.6,6.162207,93.63964381269943,1853.9709234843285
2025-09-23 04:00:00+07:00,12.3955,66,6.489992,3.6,6.489992,83.29946207312125,1168.937032727146
2025-09-23 05:00:00+07:00,11.9955,64,5.3999996,3.6,5.3999996,89.96406418213438,1539.6716178861338
2025-09-23 06:00:00+07:00,11.0955,68,5.3517847,3.7,5.3517847,82.30669218855468,1080.0870002547076
2025-09-23 07:00:00+07:00,9.6455,75,6.638072,3.5,6.638072,66.57731967729397,1705.2351556419094
2025-09-23 08:00:00+07:00,9.0455,78,5.815978,3.5,5.815978,72.75347139283858,1320.2852808500302
2025-09-23 09:00:00+07:00,8.5455,80,5.815978,3.8,5.815978,76.95038939185675,1309.0797189450536
2025-09-23 10:00:00+07:00,8.0455,80,5.6233797,4.1,5.6233797,71.54531130791871,1018.1406062822566
